filename,height,width,class,x,y,w,h
0.jpg,299,299,living room,51,25,113,200
0.jpg,299,299,living room,147,25,53,35
0.jpg,299,299,living room,147,62,25,37
0.jpg,299,299,living room,174,62,26,37
0.jpg,299,299,living room,166,101,34,23
0.jpg,299,299,living room,124,126,76,99
0.jpg,299,299,corridor,75,227,99,24
1.jpg,299,299,living room,90,45,24,41
1.jpg,299,299,living room,90,88,24,20
1.jpg,299,299,living room,90,110,49,122
1.jpg,299,299,living room,141,110,18,18
1.jpg,299,299,balcony,141,130,18,39
1.jpg,299,299,living room,141,171,18,61
1.jpg,299,299,living room,90,234,69,17
2.jpg,299,299,kitchen,24,10,55,62
2.jpg,299,299,living room,81,10,35,18
2.jpg,299,299,living room,118,10,20,18
2.jpg,299,299,living room,140,10,84,62
2.jpg,299,299,living room,226,10,20,62
2.jpg,299,299,living room,81,30,57,42
3.jpg,299,299,living room,22,19,38,49
3.jpg,299,299,bathroom,62,19,37,24
3.jpg,299,299,living room,101,19,24,37
3.jpg,299,299,living room,127,19,102,76
3.jpg,299,299,living room,231,19,21,153
3.jpg,299,299,living room,62,45,37,23
3.jpg,299,299,living room,22,58,103,114
3.jpg,299,299,living room,127,97,102,75
3.jpg,299,299,living room,101,123,24,49
4.jpg,299,299,kitchen,25,12,87,65
4.jpg,299,299,kitchen,114,12,22,20
4.jpg,299,299,kitchen,138,12,87,65
4.jpg,299,299,kitchen,227,22,24,123
4.jpg,299,299,kitchen,114,34,22,43
4.jpg,299,299,living room,25,79,111,37
4.jpg,299,299,living room,138,79,87,66
4.jpg,299,299,living room,45,106,32,39
4.jpg,299,299,living room,79,106,32,39
4.jpg,299,299,kitchen,113,106,23,39
4.jpg,299,299,kitchen,25,118,18,27
5.jpg,299,299,corridor,67,26,29,225
6.jpg,299,299,corridor,10,23,34,23
6.jpg,299,299,bathroom,46,23,35,23
6.jpg,299,299,corridor,83,23,46,47
6.jpg,299,299,corridor,10,48,34,47
6.jpg,299,299,corridor,46,48,83,59
6.jpg,299,299,corridor,10,97,119,120
6.jpg,299,299,corridor,21,121,48,23
6.jpg,299,299,corridor,10,219,119,22
7.jpg,299,299,bathroom,46,56,30,50
7.jpg,299,299,bathroom,78,56,76,50
7.jpg,299,299,bathroom,156,56,61,50
7.jpg,299,299,balcony,46,108,48,27
7.jpg,299,299,bathroom,46,108,171,101
7.jpg,299,299,corridor,96,211,86,19
8.jpg,299,299,closet,3,4,20,110
8.jpg,299,299,closet,25,4,66,57
8.jpg,299,299,closet,93,4,78,76
8.jpg,299,299,closet,173,4,16,13
8.jpg,299,299,closet,191,4,17,13
8.jpg,299,299,closet,210,4,27,32
8.jpg,299,299,closet,173,19,16,32
8.jpg,299,299,closet,191,19,28,32
8.jpg,299,299,closet,173,38,64,29
8.jpg,299,299,closet,25,63,66,51
8.jpg,299,299,closet,173,69,64,45
8.jpg,299,299,balcony,93,82,13,32
8.jpg,299,299,closet,108,82,46,32
8.jpg,299,299,closet,156,82,15,32
9.jpg,299,299,kitchen,22,25,30,34
9.jpg,299,299,bedroom,54,25,27,40
9.jpg,299,299,bedroom,83,25,28,18
9.jpg,299,299,bedroom,22,45,89,127
9.jpg,299,299,bedroom,22,61,30,39
9.jpg,299,299,bathroom,22,174,75,55
9.jpg,299,299,bedroom,99,174,12,18
9.jpg,299,299,bedroom,99,194,12,35
9.jpg,299,299,bedroom,22,231,89,18
10.jpg,299,299,kitchen,29,19,9,38
10.jpg,299,299,kitchen,29,19,29,87
10.jpg,299,299,bathroom,60,19,27,35
10.jpg,299,299,bathroom,60,56,27,31
10.jpg,299,299,bathroom,60,89,27,17
10.jpg,299,299,bathroom,29,108,58,117
10.jpg,299,299,bathroom,60,108,27,19
10.jpg,299,299,bathroom,29,227,58,16
11.jpg,299,299,bathroom,13,30,45,38
11.jpg,299,299,kitchen,13,30,100,188
11.jpg,299,299,bathroom,13,70,38,22
11.jpg,299,299,kitchen,131,70,91,46
11.jpg,299,299,balcony,13,94,38,21
11.jpg,299,299,corridor,28,220,69,21
12.jpg,299,299,kitchen,3,25,64,119
12.jpg,299,299,kitchen,59,25,30,119
12.jpg,299,299,bathroom,91,36,41,31
12.jpg,299,299,bathroom,91,69,41,53
12.jpg,299,299,bathroom,112,91,20,31
12.jpg,299,299,balcony,3,124,20,20
12.jpg,299,299,balcony,91,124,41,20
12.jpg,299,299,bedroom,3,146,64,87
12.jpg,299,299,bedroom,69,146,63,87
13.jpg,299,299,bathroom,42,27,35,36
13.jpg,299,299,bathroom,79,27,35,36
13.jpg,299,299,bathroom,14,46,26,17
13.jpg,299,299,bathroom,138,46,64,73
13.jpg,299,299,bathroom,204,46,35,36
13.jpg,299,299,bathroom,14,65,100,54
13.jpg,299,299,bathroom,78,83,19,36
13.jpg,299,299,bathroom,204,84,16,15
13.jpg,299,299,bathroom,204,84,35,72
13.jpg,299,299,bathroom,78,121,36,54
13.jpg,299,299,bedroom,138,121,64,73
13.jpg,299,299,bathroom,204,158,35,36
13.jpg,299,299,corridor,138,196,64,16
14.jpg,299,299,balcony,56,18,48,22
14.jpg,299,299,balcony,106,18,23,22
14.jpg,299,299,kitchen,131,18,73,198
14.jpg,299,299,bathroom,156,18,35,48
14.jpg,299,299,corridor,193,18,11,48
14.jpg,299,299,bedroom,56,42,73,74
14.jpg,299,299,bathroom,156,68,48,23
14.jpg,299,299,bedroom,56,118,73,98
14.jpg,299,299,corridor,56,218,98,23
15.jpg,299,299,corridor,8,58,26,152
15.jpg,299,299,corridor,36,58,100,74
15.jpg,299,299,corridor,113,58,36,48
15.jpg,299,299,corridor,151,58,36,48
15.jpg,299,299,corridor,189,58,24,35
15.jpg,299,299,corridor,215,58,11,35
15.jpg,299,299,corridor,138,95,88,37
15.jpg,299,299,corridor,36,134,75,81
15.jpg,299,299,balcony,113,134,23,25
15.jpg,299,299,corridor,138,134,100,75
15.jpg,299,299,balcony,113,161,23,48
16.jpg,299,299,corridor,3,144,8,22
16.jpg,299,299,bedroom,13,144,49,57
16.jpg,299,299,corridor,3,168,8,33
17.jpg,299,299,dining room,81,22,24,26
17.jpg,299,299,dining room,107,22,32,43
17.jpg,299,299,bedroom,141,22,41,51
17.jpg,299,299,dining room,81,50,24,32
17.jpg,299,299,dining room,107,67,75,50
17.jpg,299,299,dining room,81,84,24,33
17.jpg,299,299,dining room,81,119,32,17
17.jpg,299,299,dining room,115,119,49,17
17.jpg,299,299,dining room,166,119,16,17
17.jpg,299,299,bedroom,81,138,49,67
17.jpg,299,299,dining room,132,138,50,67
17.jpg,299,299,dining room,81,207,101,16
18.jpg,299,299,balcony,81,14,59,97
18.jpg,299,299,balcony,142,27,18,40
18.jpg,299,299,balcony,162,27,19,40
18.jpg,299,299,balcony,183,27,33,40
18.jpg,299,299,balcony,36,42,25,90
18.jpg,299,299,balcony,142,69,39,20
18.jpg,299,299,balcony,183,69,33,20
18.jpg,299,299,living room,142,91,74,136
18.jpg,299,299,balcony,81,93,19,18
18.jpg,299,299,balcony,81,106,59,26
18.jpg,299,299,balcony,81,134,37,19
18.jpg,299,299,balcony,120,134,20,19
18.jpg,299,299,bedroom,81,155,59,84
18.jpg,299,299,corridor,142,229,74,21
19.jpg,299,299,bathroom,62,6,29,43
19.jpg,299,299,bathroom,93,6,31,43
19.jpg,299,299,bathroom,62,51,29,21
19.jpg,299,299,bathroom,93,51,31,42
19.jpg,299,299,kitchen,8,74,94,117
19.jpg,299,299,dining room,73,163,29,50
19.jpg,299,299,bathroom,8,193,63,20
19.jpg,299,299,bathroom,8,215,63,28
20.jpg,299,299,kitchen,19,36,109,54
20.jpg,299,299,bathroom,34,36,37,20
20.jpg,299,299,bedroom,130,36,90,87
20.jpg,299,299,corridor,222,44,29,79
20.jpg,299,299,bathroom,37,81,37,42
20.jpg,299,299,bathroom,76,81,32,42
20.jpg,299,299,balcony,110,81,18,42
20.jpg,299,299,balcony,19,92,16,31
21.jpg,299,299,kitchen,21,42,82,29
21.jpg,299,299,kitchen,105,42,121,59
21.jpg,299,299,kitchen,228,42,23,59
21.jpg,299,299,balcony,21,72,20,29
21.jpg,299,299,kitchen,43,72,17,29
21.jpg,299,299,kitchen,62,73,20,28
21.jpg,299,299,kitchen,84,73,39,28
21.jpg,299,299,balcony,125,73,19,28
22.jpg,299,299,bedroom,73,19,44,63
22.jpg,299,299,bedroom,137,19,45,75
22.jpg,299,299,dining room,119,36,16,75
22.jpg,299,299,bathroom,73,84,22,42
22.jpg,299,299,bathroom,97,84,20,42
22.jpg,299,299,balcony,137,96,15,15
22.jpg,299,299,balcony,154,96,28,15
22.jpg,299,299,living room,73,113,109,71
22.jpg,299,299,corridor,73,186,109,14
23.jpg,299,299,corridor,4,51,70,67
23.jpg,299,299,corridor,27,51,14,17
23.jpg,299,299,corridor,43,51,31,17
23.jpg,299,299,corridor,38,91,36,27
23.jpg,299,299,corridor,4,120,70,99
23.jpg,299,299,corridor,30,120,44,23
23.jpg,299,299,balcony,63,176,11,43
24.jpg,299,299,bathroom,115,5,44,34
24.jpg,299,299,balcony,3,7,22,20
24.jpg,299,299,balcony,27,7,42,20
24.jpg,299,299,kitchen,71,21,31,118
24.jpg,299,299,balcony,104,21,9,18
24.jpg,299,299,bedroom,3,29,66,87
24.jpg,299,299,bathroom,104,41,55,53
24.jpg,299,299,balcony,104,96,17,21
24.jpg,299,299,bathroom,123,96,36,21
24.jpg,299,299,balcony,3,118,44,21
24.jpg,299,299,balcony,49,118,20,21
24.jpg,299,299,kitchen,71,119,88,109
24.jpg,299,299,bedroom,3,141,66,87
24.jpg,299,299,corridor,3,230,156,20
25.jpg,299,299,bedroom,5,10,31,46
25.jpg,299,299,bedroom,38,10,54,86
25.jpg,299,299,bedroom,94,10,53,86
25.jpg,299,299,bedroom,5,58,31,55
25.jpg,299,299,balcony,67,82,25,14
25.jpg,299,299,bedroom,123,83,24,13
25.jpg,299,299,bedroom,38,98,27,40
25.jpg,299,299,bedroom,67,98,80,64
25.jpg,299,299,bedroom,5,115,31,23
25.jpg,299,299,bedroom,38,140,27,22
25.jpg,299,299,bedroom,38,164,21,41
25.jpg,299,299,bedroom,61,164,86,65
25.jpg,299,299,bedroom,38,207,21,22
25.jpg,299,299,corridor,75,231,63,19
26.jpg,299,299,bathroom,47,123,64,41
26.jpg,299,299,bedroom,113,123,120,100
26.jpg,299,299,bathroom,30,166,81,57
27.jpg,299,299,kitchen,37,68,135,120
27.jpg,299,299,bathroom,114,68,29,29
27.jpg,299,299,bathroom,174,99,44,59
27.jpg,299,299,corridor,37,190,91,28
28.jpg,299,299,bedroom,10,40,47,65
28.jpg,299,299,bathroom,59,40,48,32
28.jpg,299,299,kitchen,59,40,182,98
28.jpg,299,299,balcony,10,107,30,31
28.jpg,299,299,balcony,42,107,65,31
28.jpg,299,299,bedroom,10,140,97,99
28.jpg,299,299,bedroom,109,140,132,99
29.jpg,299,299,bathroom,32,20,21,54
29.jpg,299,299,bathroom,55,20,60,84
29.jpg,299,299,bathroom,80,20,35,47
29.jpg,299,299,balcony,117,20,23,55
29.jpg,299,299,bathroom,117,20,120,84
29.jpg,299,299,bathroom,184,20,53,16
29.jpg,299,299,bathroom,239,44,12,50
29.jpg,299,299,bathroom,44,63,9,11
29.jpg,299,299,kitchen,32,76,21,28
30.jpg,299,299,bedroom,44,4,91,69
30.jpg,299,299,balcony,137,4,17,36
30.jpg,299,299,bathroom,156,4,62,69
30.jpg,299,299,bathroom,187,4,31,48
30.jpg,299,299,balcony,137,42,17,31
30.jpg,299,299,living room,44,75,91,152
30.jpg,299,299,dining room,137,75,55,57
30.jpg,299,299,balcony,189,75,23,23
30.jpg,299,299,bathroom,137,106,22,32
30.jpg,299,299,balcony,161,134,31,22
30.jpg,299,299,balcony,137,140,22,16
30.jpg,299,299,bedroom,118,158,74,93
30.jpg,299,299,corridor,52,229,64,22
31.jpg,299,299,kitchen,25,78,21,16
31.jpg,299,299,kitchen,25,78,91,72
31.jpg,299,299,bathroom,70,78,46,36
32.jpg,299,299,corridor,10,9,24,89
32.jpg,299,299,kitchen,36,9,195,89
32.jpg,299,299,balcony,141,9,23,43
32.jpg,299,299,bathroom,166,9,53,43
33.jpg,299,299,bedroom,33,36,83,62
33.jpg,299,299,dining room,97,71,41,106
33.jpg,299,299,kitchen,140,71,83,63
33.jpg,299,299,balcony,33,100,30,20
33.jpg,299,299,bathroom,65,100,30,20
33.jpg,299,299,bathroom,33,122,41,33
33.jpg,299,299,bathroom,76,122,40,33
33.jpg,299,299,bedroom,140,136,62,83
33.jpg,299,299,corridor,204,136,19,83
33.jpg,299,299,bedroom,33,157,83,62
33.jpg,299,299,balcony,118,179,20,40
34.jpg,299,299,balcony,122,26,40,159
34.jpg,299,299,balcony,141,26,20,37
34.jpg,299,299,bedroom,163,26,54,78
34.jpg,299,299,balcony,73,39,47,61
34.jpg,299,299,balcony,141,65,20,33
34.jpg,299,299,balcony,164,106,53,118
34.jpg,299,299,balcony,199,106,18,17
34.jpg,299,299,balcony,122,174,40,30
34.jpg,299,299,balcony,122,206,40,28
34.jpg,299,299,corridor,164,226,53,18
35.jpg,299,299,bedroom,25,22,124,157
35.jpg,299,299,kitchen,151,22,46,44
35.jpg,299,299,bathroom,199,22,33,29
35.jpg,299,299,bathroom,199,53,33,13
35.jpg,299,299,bedroom,151,68,81,90
36.jpg,299,299,bedroom,11,4,65,85
36.jpg,299,299,bedroom,78,4,173,107
36.jpg,299,299,bedroom,144,74,88,80
36.jpg,299,299,balcony,11,91,33,20
36.jpg,299,299,bedroom,46,91,30,20
36.jpg,299,299,bathroom,110,91,32,41
36.jpg,299,299,bathroom,78,113,30,41
36.jpg,299,299,bathroom,110,134,32,20
37.jpg,299,299,balcony,79,62,82,19
37.jpg,299,299,bathroom,163,62,29,45
37.jpg,299,299,bedroom,79,83,82,24
38.jpg,299,299,dining room,75,29,60,75
38.jpg,299,299,dining room,137,29,30,117
38.jpg,299,299,corridor,169,29,31,10
38.jpg,299,299,dining room,169,41,31,18
38.jpg,299,299,dining room,158,61,42,33
38.jpg,299,299,dining room,158,96,42,29
38.jpg,299,299,dining room,75,106,39,16
38.jpg,299,299,dining room,116,106,19,16
38.jpg,299,299,dining room,75,124,60,107
38.jpg,299,299,dining room,158,127,42,19
38.jpg,299,299,dining room,137,148,63,83
38.jpg,299,299,corridor,75,233,125,18
39.jpg,299,299,bathroom,33,3,30,40
39.jpg,299,299,bathroom,65,3,41,40
39.jpg,299,299,bathroom,108,3,19,40
39.jpg,299,299,kitchen,129,3,84,62
39.jpg,299,299,bathroom,215,3,29,147
39.jpg,299,299,bathroom,33,45,94,42
39.jpg,299,299,bathroom,86,67,63,83
39.jpg,299,299,bedroom,151,67,62,83
40.jpg,299,299,kitchen,44,49,54,72
40.jpg,299,299,corridor,34,229,53,17
41.jpg,299,299,balcony,124,34,15,16
41.jpg,299,299,dining room,141,34,35,87
41.jpg,299,299,living room,112,123,139,104
42.jpg,299,299,bathroom,25,13,61,41
42.jpg,299,299,bedroom,25,13,191,94
42.jpg,299,299,bathroom,218,13,33,94
43.jpg,299,299,corridor,9,16,69,27
43.jpg,299,299,kitchen,80,22,133,229
43.jpg,299,299,bedroom,9,45,69,85
43.jpg,299,299,balcony,9,132,39,24
43.jpg,299,299,bathroom,50,132,28,24
43.jpg,299,299,bedroom,9,158,69,93
44.jpg,299,299,balcony,8,6,34,28
44.jpg,299,299,bedroom,8,6,84,92
44.jpg,299,299,bedroom,94,6,84,92
44.jpg,299,299,balcony,37,100,29,18
44.jpg,299,299,dining room,68,100,24,129
44.jpg,299,299,kitchen,94,100,84,129
44.jpg,299,299,bathroom,37,120,29,20
44.jpg,299,299,bathroom,37,142,29,35
44.jpg,299,299,bathroom,37,179,29,23
44.jpg,299,299,dining room,54,204,12,25
45.jpg,299,299,balcony,115,8,21,20
45.jpg,299,299,bedroom,138,8,86,64
45.jpg,299,299,corridor,226,28,24,111
45.jpg,299,299,balcony,115,30,21,42
45.jpg,299,299,kitchen,26,74,131,86
45.jpg,299,299,balcony,159,74,20,20
45.jpg,299,299,balcony,181,74,43,20
45.jpg,299,299,bedroom,159,96,65,64
45.jpg,299,299,bathroom,26,107,34,20
45.jpg,299,299,bathroom,26,129,43,31
45.jpg,299,299,bathroom,71,129,20,31
46.jpg,299,299,corridor,12,51,35,80
46.jpg,299,299,bedroom,49,51,86,80
46.jpg,299,299,balcony,137,51,17,39
46.jpg,299,299,bathroom,156,51,32,39
46.jpg,299,299,bathroom,190,51,46,39
46.jpg,299,299,kitchen,137,92,85,39
47.jpg,299,299,corridor,69,15,16,9
47.jpg,299,299,corridor,127,16,58,76
47.jpg,299,299,dining room,69,26,30,37
47.jpg,299,299,corridor,101,26,24,96
47.jpg,299,299,dining room,69,65,37,37
47.jpg,299,299,corridor,127,94,18,21
47.jpg,299,299,corridor,147,94,38,21
47.jpg,299,299,corridor,69,104,37,18
47.jpg,299,299,corridor,127,117,58,36
47.jpg,299,299,corridor,69,124,56,106
47.jpg,299,299,corridor,157,144,28,18
47.jpg,299,299,corridor,127,155,58,75
47.jpg,299,299,corridor,69,232,116,19
48.jpg,299,299,dining room,137,22,62,74
48.jpg,299,299,balcony,99,98,24,22
48.jpg,299,299,balcony,125,98,48,22
48.jpg,299,299,bedroom,99,98,100,98
49.jpg,299,299,bathroom,91,3,18,36
49.jpg,299,299,bathroom,111,3,20,14
49.jpg,299,299,bathroom,5,19,41,41
49.jpg,299,299,bathroom,48,19,41,41
49.jpg,299,299,dining room,91,19,40,41
49.jpg,299,299,living room,5,62,62,19
49.jpg,299,299,living room,5,62,126,83
49.jpg,299,299,living room,70,139,61,90
49.jpg,299,299,living room,5,147,63,82
49.jpg,299,299,living room,5,231,126,20
50.jpg,299,299,living room,4,52,71,64
50.jpg,299,299,bedroom,28,52,14,17
50.jpg,299,299,living room,44,52,31,17
50.jpg,299,299,living room,39,91,36,25
50.jpg,299,299,living room,4,118,71,97
50.jpg,299,299,living room,31,118,44,22
50.jpg,299,299,living room,64,173,11,42
51.jpg,299,299,kitchen,61,16,64,20
51.jpg,299,299,kitchen,127,16,99,42
51.jpg,299,299,living room,171,16,42,20
51.jpg,299,299,living room,215,16,11,20
51.jpg,299,299,living room,17,38,108,87
51.jpg,299,299,living room,127,60,20,11
51.jpg,299,299,living room,149,60,32,43
51.jpg,299,299,living room,183,60,43,43
51.jpg,299,299,living room,127,73,20,30
52.jpg,299,299,kitchen,25,33,84,37
52.jpg,299,299,bedroom,111,33,113,77
52.jpg,299,299,corridor,226,45,22,65
52.jpg,299,299,balcony,111,61,21,49
52.jpg,299,299,balcony,25,72,14,38
52.jpg,299,299,bathroom,41,72,45,38
52.jpg,299,299,bathroom,88,72,21,38
53.jpg,299,299,balcony,15,99,38,16
53.jpg,299,299,kitchen,15,117,148,32
53.jpg,299,299,bathroom,15,143,46,31
53.jpg,299,299,bathroom,63,151,39,23
53.jpg,299,299,balcony,104,151,22,23
54.jpg,299,299,bathroom,7,7,42,56
54.jpg,299,299,bathroom,51,16,47,47
54.jpg,299,299,bathroom,85,36,28,42
54.jpg,299,299,bathroom,115,36,33,42
54.jpg,299,299,living room,21,36,228,129
54.jpg,299,299,bathroom,7,65,42,26
54.jpg,299,299,bathroom,7,93,12,14
55.jpg,299,299,dining room,3,22,43,84
55.jpg,299,299,balcony,48,22,32,41
55.jpg,299,299,bedroom,69,22,86,63
55.jpg,299,299,dining room,48,65,65,62
55.jpg,299,299,bathroom,115,87,40,40
55.jpg,299,299,bedroom,145,87,10,9
55.jpg,299,299,bathroom,48,108,37,19
55.jpg,299,299,living room,49,129,106,104
55.jpg,299,299,bathroom,115,129,40,39
55.jpg,299,299,corridor,68,235,66,17
56.jpg,299,299,bedroom,99,24,62,42
56.jpg,299,299,bedroom,99,68,62,159
56.jpg,299,299,bedroom,120,68,41,40
56.jpg,299,299,bedroom,99,229,44,22
57.jpg,299,299,corridor,11,229,77,19
58.jpg,299,299,kitchen,94,3,27,18
58.jpg,299,299,kitchen,123,3,30,37
58.jpg,299,299,kitchen,72,13,20,27
58.jpg,299,299,bathroom,94,23,27,17
58.jpg,299,299,kitchen,30,42,123,68
58.jpg,299,299,bathroom,30,91,42,19
58.jpg,299,299,bathroom,114,91,39,19
58.jpg,299,299,bathroom,92,112,61,77
59.jpg,299,299,balcony,82,6,62,92
59.jpg,299,299,balcony,146,17,53,22
59.jpg,299,299,balcony,201,17,8,22
59.jpg,299,299,balcony,35,39,33,101
59.jpg,299,299,balcony,146,41,30,43
59.jpg,299,299,bathroom,178,41,31,43
59.jpg,299,299,balcony,82,86,127,134
59.jpg,299,299,balcony,106,100,17,17
59.jpg,299,299,balcony,82,141,62,16
59.jpg,299,299,balcony,82,159,62,71
59.jpg,299,299,balcony,146,222,63,29
60.jpg,299,299,dining room,76,25,39,34
60.jpg,299,299,dining room,117,25,63,55
60.jpg,299,299,dining room,141,49,39,22
60.jpg,299,299,dining room,76,61,39,43
60.jpg,299,299,dining room,141,73,39,39
60.jpg,299,299,kitchen,76,82,104,136
60.jpg,299,299,dining room,96,220,84,31
61.jpg,299,299,bathroom,19,27,38,28
61.jpg,299,299,bathroom,19,27,96,97
61.jpg,299,299,bathroom,82,27,33,17
61.jpg,299,299,kitchen,82,46,33,58
61.jpg,299,299,bathroom,19,57,38,27
61.jpg,299,299,bathroom,19,126,96,96
61.jpg,299,299,bathroom,48,224,67,18
62.jpg,299,299,closet,32,4,89,89
62.jpg,299,299,closet,123,4,65,67
62.jpg,299,299,closet,190,4,31,33
62.jpg,299,299,closet,223,4,11,33
62.jpg,299,299,closet,10,16,20,122
62.jpg,299,299,closet,190,39,44,32
62.jpg,299,299,bathroom,212,61,22,33
62.jpg,299,299,closet,123,73,111,88
62.jpg,299,299,closet,32,95,89,73
62.jpg,299,299,closet,203,140,31,21
63.jpg,299,299,bedroom,77,5,77,133
63.jpg,299,299,bedroom,155,21,13,21
63.jpg,299,299,bedroom,170,21,17,98
63.jpg,299,299,bedroom,135,61,18,59
63.jpg,299,299,dining room,77,63,37,37
63.jpg,299,299,dining room,77,102,37,36
63.jpg,299,299,dining room,77,121,76,112
63.jpg,299,299,dining room,136,122,17,25
63.jpg,299,299,dining room,136,149,17,17
63.jpg,299,299,dining room,83,235,70,16
64.jpg,299,299,kitchen,3,14,40,47
64.jpg,299,299,kitchen,45,14,46,88
64.jpg,299,299,kitchen,93,14,21,16
64.jpg,299,299,bathroom,116,14,19,16
64.jpg,299,299,bathroom,45,31,13,30
64.jpg,299,299,bathroom,82,32,61,94
64.jpg,299,299,bathroom,102,32,41,48
64.jpg,299,299,bathroom,3,63,55,39
64.jpg,299,299,bathroom,82,107,61,40
64.jpg,299,299,bathroom,82,149,61,74
65.jpg,299,299,bathroom,157,72,43,27
65.jpg,299,299,kitchen,157,85,62,59
65.jpg,299,299,bathroom,112,138,34,35
65.jpg,299,299,bathroom,148,138,47,35
66.jpg,299,299,balcony,3,19,35,8
66.jpg,299,299,balcony,40,19,34,94
66.jpg,299,299,balcony,3,29,35,42
66.jpg,299,299,balcony,3,73,35,23
66.jpg,299,299,balcony,3,98,35,15
66.jpg,299,299,bedroom,3,115,71,100
66.jpg,299,299,balcony,3,217,71,34
67.jpg,299,299,kitchen,6,17,37,55
67.jpg,299,299,kitchen,45,17,64,55
67.jpg,299,299,kitchen,126,57,19,32
67.jpg,299,299,kitchen,147,57,19,59
67.jpg,299,299,kitchen,6,74,37,17
67.jpg,299,299,kitchen,45,74,64,157
67.jpg,299,299,kitchen,6,93,37,75
67.jpg,299,299,kitchen,6,170,37,40
67.jpg,299,299,kitchen,6,212,37,40
67.jpg,299,299,corridor,45,233,64,19
68.jpg,299,299,closet,90,30,30,41
68.jpg,299,299,closet,122,30,19,41
68.jpg,299,299,closet,122,30,105,61
68.jpg,299,299,closet,54,52,34,19
68.jpg,299,299,closet,26,63,94,28
68.jpg,299,299,closet,26,93,49,20
68.jpg,299,299,closet,64,93,163,63
68.jpg,299,299,corridor,229,99,17,51
68.jpg,299,299,bathroom,26,115,36,41
69.jpg,299,299,kitchen,25,16,40,84
69.jpg,299,299,kitchen,48,16,84,45
69.jpg,299,299,kitchen,114,16,18,24
69.jpg,299,299,kitchen,134,16,117,84
69.jpg,299,299,kitchen,48,63,18,37
69.jpg,299,299,kitchen,68,63,27,37
69.jpg,299,299,dining room,97,63,36,37
70.jpg,299,299,kitchen,3,33,30,9
70.jpg,299,299,kitchen,35,33,14,14
70.jpg,299,299,kitchen,35,33,39,91
70.jpg,299,299,bathroom,3,44,30,40
70.jpg,299,299,kitchen,3,86,30,23
70.jpg,299,299,kitchen,3,111,16,13
70.jpg,299,299,kitchen,21,111,12,13
70.jpg,299,299,kitchen,3,126,71,98
71.jpg,299,299,bathroom,13,48,26,39
71.jpg,299,299,kitchen,41,48,29,81
71.jpg,299,299,balcony,61,48,9,9
71.jpg,299,299,bathroom,13,89,26,19
71.jpg,299,299,balcony,13,110,26,19
71.jpg,299,299,bedroom,13,131,57,77
71.jpg,299,299,corridor,29,210,41,9
72.jpg,299,299,bathroom,93,4,27,38
72.jpg,299,299,bathroom,122,21,26,76
72.jpg,299,299,bathroom,93,44,27,35
72.jpg,299,299,bathroom,93,81,32,16
72.jpg,299,299,kitchen,93,99,76,47
72.jpg,299,299,bathroom,93,148,76,85
72.jpg,299,299,bathroom,102,235,57,16
73.jpg,299,299,bedroom,20,20,56,41
73.jpg,299,299,bedroom,78,20,27,41
73.jpg,299,299,balcony,107,20,20,41
73.jpg,299,299,bedroom,86,20,135,109
73.jpg,299,299,bedroom,223,20,28,109
73.jpg,299,299,kitchen,20,63,85,66
74.jpg,299,299,bathroom,23,63,20,27
74.jpg,299,299,bathroom,45,63,34,27
74.jpg,299,299,bathroom,81,63,49,49
74.jpg,299,299,bathroom,132,63,55,92
74.jpg,299,299,bathroom,189,63,17,92
74.jpg,299,299,bathroom,23,92,56,20
74.jpg,299,299,bathroom,9,114,49,41
74.jpg,299,299,bathroom,60,114,13,26
74.jpg,299,299,bathroom,75,114,55,41
74.jpg,299,299,balcony,60,142,13,13
75.jpg,299,299,bathroom,79,36,40,59
75.jpg,299,299,kitchen,68,36,101,190
75.jpg,299,299,corridor,93,228,76,20
76.jpg,299,299,balcony,37,13,71,108
76.jpg,299,299,balcony,97,13,67,29
76.jpg,299,299,balcony,12,25,23,96
76.jpg,299,299,bathroom,110,44,18,12
76.jpg,299,299,kitchen,110,79,116,42
77.jpg,299,299,balcony,57,13,27,29
77.jpg,299,299,bathroom,116,14,24,61
77.jpg,299,299,bathroom,134,14,18,20
77.jpg,299,299,bathroom,154,14,18,20
77.jpg,299,299,dining room,86,23,28,41
77.jpg,299,299,bathroom,142,36,30,39
77.jpg,299,299,bathroom,57,44,27,20
77.jpg,299,299,kitchen,57,66,58,118
77.jpg,299,299,bedroom,116,77,56,76
77.jpg,299,299,corridor,117,155,55,29
78.jpg,299,299,bathroom,5,33,58,42
78.jpg,299,299,bathroom,65,33,54,52
78.jpg,299,299,bathroom,101,33,42,25
78.jpg,299,299,dining room,121,33,55,52
78.jpg,299,299,balcony,5,77,58,22
78.jpg,299,299,kitchen,65,87,111,141
78.jpg,299,299,bedroom,5,101,58,127
78.jpg,299,299,corridor,83,230,68,22
79.jpg,299,299,living room,6,27,28,8
79.jpg,299,299,living room,36,27,12,8
79.jpg,299,299,living room,50,27,20,73
79.jpg,299,299,balcony,72,27,84,73
79.jpg,299,299,balcony,6,37,42,31
79.jpg,299,299,balcony,6,70,20,30
79.jpg,299,299,balcony,28,70,20,30
79.jpg,299,299,balcony,6,102,85,117
79.jpg,299,299,balcony,93,102,20,20
79.jpg,299,299,balcony,115,102,41,20
79.jpg,299,299,balcony,93,124,63,95
79.jpg,299,299,corridor,6,221,150,22
80.jpg,299,299,kitchen,10,27,59,44
80.jpg,299,299,kitchen,10,27,90,121
80.jpg,299,299,kitchen,10,119,90,123
80.jpg,299,299,balcony,44,119,24,29
81.jpg,299,299,bathroom,137,82,26,15
81.jpg,299,299,kitchen,87,99,76,134
81.jpg,299,299,balcony,87,118,18,32
81.jpg,299,299,corridor,96,235,57,16
82.jpg,299,299,corridor,22,36,9,19
82.jpg,299,299,corridor,33,36,19,19
82.jpg,299,299,corridor,22,36,82,40
82.jpg,299,299,corridor,106,36,81,71
82.jpg,299,299,corridor,189,36,61,71
82.jpg,299,299,corridor,22,78,29,29
82.jpg,299,299,corridor,53,78,30,29
82.jpg,299,299,living room,85,78,19,29
82.jpg,299,299,balcony,106,78,18,29
83.jpg,299,299,bathroom,11,27,42,56
83.jpg,299,299,kitchen,55,27,42,86
83.jpg,299,299,balcony,11,85,42,28
83.jpg,299,299,bedroom,11,115,86,115
84.jpg,299,299,bedroom,6,22,58,96
84.jpg,299,299,dining room,66,22,20,96
84.jpg,299,299,balcony,88,22,10,11
84.jpg,299,299,balcony,100,22,30,11
84.jpg,299,299,bathroom,88,35,42,18
84.jpg,299,299,bathroom,88,55,42,31
84.jpg,299,299,bathroom,88,88,42,30
84.jpg,299,299,balcony,6,120,58,25
84.jpg,299,299,living room,6,120,124,104
84.jpg,299,299,bathroom,88,120,42,45
84.jpg,299,299,corridor,6,219,124,32
85.jpg,299,299,corridor,5,4,43,12
85.jpg,299,299,corridor,5,18,44,55
85.jpg,299,299,dining room,51,38,15,68
85.jpg,299,299,corridor,68,38,47,52
85.jpg,299,299,corridor,5,75,28,41
85.jpg,299,299,corridor,35,75,14,41
85.jpg,299,299,corridor,68,92,25,14
85.jpg,299,299,corridor,51,92,64,134
85.jpg,299,299,corridor,5,118,28,31
85.jpg,299,299,corridor,35,118,14,31
85.jpg,299,299,corridor,5,151,44,75
85.jpg,299,299,corridor,5,228,110,22
86.jpg,299,299,kitchen,91,105,40,22
87.jpg,299,299,kitchen,42,28,10,8
87.jpg,299,299,kitchen,42,28,38,95
87.jpg,299,299,kitchen,92,28,40,95
87.jpg,299,299,bathroom,6,38,34,43
87.jpg,299,299,bathroom,6,83,34,23
87.jpg,299,299,balcony,6,108,34,15
87.jpg,299,299,bedroom,6,125,74,97
87.jpg,299,299,bathroom,92,125,22,33
87.jpg,299,299,corridor,6,224,74,27
88.jpg,299,299,dining room,4,22,38,29
88.jpg,299,299,dining room,44,22,22,80
88.jpg,299,299,dining room,68,22,56,80
88.jpg,299,299,dining room,4,53,38,28
88.jpg,299,299,dining room,4,83,38,19
88.jpg,299,299,bedroom,4,104,80,39
88.jpg,299,299,dining room,86,104,38,19
88.jpg,299,299,dining room,86,125,38,18
88.jpg,299,299,kitchen,4,145,59,80
88.jpg,299,299,living room,65,145,59,80
88.jpg,299,299,dining room,4,227,120,18
89.jpg,299,299,bathroom,20,15,31,51
89.jpg,299,299,bathroom,53,15,33,51
89.jpg,299,299,kitchen,77,15,60,118
89.jpg,299,299,bedroom,139,15,64,90
89.jpg,299,299,bathroom,20,68,31,24
89.jpg,299,299,dining room,20,68,55,51
89.jpg,299,299,balcony,139,107,40,26
89.jpg,299,299,balcony,181,107,22,26
89.jpg,299,299,balcony,59,121,16,12
89.jpg,299,299,bedroom,59,135,71,89
89.jpg,299,299,bedroom,132,135,71,89
89.jpg,299,299,corridor,85,226,93,21
90.jpg,299,299,bathroom,21,34,50,42
90.jpg,299,299,kitchen,64,34,44,72
90.jpg,299,299,bathroom,21,78,41,28
90.jpg,299,299,kitchen,21,108,117,130
90.jpg,299,299,balcony,110,127,28,28
91.jpg,299,299,kitchen,31,86,61,41
91.jpg,299,299,bedroom,94,86,62,83
91.jpg,299,299,bedroom,158,86,61,83
91.jpg,299,299,balcony,221,86,19,41
91.jpg,299,299,bathroom,31,129,29,40
91.jpg,299,299,bathroom,62,129,30,19
91.jpg,299,299,corridor,221,129,19,40
91.jpg,299,299,bathroom,62,150,30,19
92.jpg,299,299,bathroom,3,32,201,95
92.jpg,299,299,bathroom,160,32,44,29
92.jpg,299,299,bathroom,206,32,45,63
92.jpg,299,299,kitchen,158,97,30,30
92.jpg,299,299,bathroom,190,97,61,30
92.jpg,299,299,bedroom,3,129,123,90
92.jpg,299,299,bathroom,128,129,123,90
92.jpg,299,299,bathroom,22,221,205,30
93.jpg,299,299,corridor,71,24,33,13
93.jpg,299,299,dining room,106,24,46,44
93.jpg,299,299,bathroom,154,24,30,32
93.jpg,299,299,bathroom,71,39,44,29
93.jpg,299,299,kitchen,117,58,67,162
93.jpg,299,299,bathroom,71,70,44,34
93.jpg,299,299,balcony,71,106,44,21
93.jpg,299,299,bedroom,71,129,56,91
93.jpg,299,299,corridor,71,222,113,24
94.jpg,299,299,bathroom,11,19,17,57
94.jpg,299,299,bedroom,30,19,76,57
94.jpg,299,299,bathroom,108,19,17,38
94.jpg,299,299,bathroom,127,19,27,38
94.jpg,299,299,bathroom,156,19,35,38
94.jpg,299,299,bathroom,193,19,33,17
94.jpg,299,299,bathroom,228,19,16,38
94.jpg,299,299,bathroom,185,38,41,19
94.jpg,299,299,bathroom,108,59,100,75
94.jpg,299,299,bathroom,210,59,23,16
94.jpg,299,299,bathroom,11,78,17,56
94.jpg,299,299,bathroom,30,78,76,56
94.jpg,299,299,dining room,108,108,17,26
95.jpg,299,299,corridor,4,8,29,129
95.jpg,299,299,bedroom,35,8,86,63
95.jpg,299,299,balcony,123,8,20,63
95.jpg,299,299,balcony,145,8,19,53
95.jpg,299,299,bedroom,166,8,85,63
95.jpg,299,299,balcony,145,63,19,8
95.jpg,299,299,bedroom,35,73,64,64
95.jpg,299,299,kitchen,101,73,63,64
95.jpg,299,299,dining room,166,73,60,42
95.jpg,299,299,bathroom,228,73,23,42
95.jpg,299,299,bathroom,199,95,27,20
96.jpg,299,299,bedroom,12,12,87,65
96.jpg,299,299,balcony,101,12,21,43
96.jpg,299,299,bathroom,124,12,42,43
96.jpg,299,299,bathroom,101,57,21,42
96.jpg,299,299,bathroom,124,57,42,42
96.jpg,299,299,living room,12,79,87,131
96.jpg,299,299,dining room,101,101,65,65
96.jpg,299,299,dining room,180,101,31,87
96.jpg,299,299,balcony,101,123,43,21
96.jpg,299,299,bedroom,101,146,65,87
96.jpg,299,299,balcony,180,190,31,20
96.jpg,299,299,corridor,12,212,87,21
97.jpg,299,299,balcony,18,37,19,41
97.jpg,299,299,balcony,39,37,62,85
97.jpg,299,299,balcony,103,37,65,105
97.jpg,299,299,balcony,125,37,43,41
97.jpg,299,299,balcony,39,124,62,84
97.jpg,299,299,bedroom,103,144,65,64
97.jpg,299,299,bathroom,17,166,20,42
97.jpg,299,299,balcony,28,210,140,23
98.jpg,299,299,bathroom,6,10,44,24
98.jpg,299,299,bathroom,52,10,25,42
98.jpg,299,299,kitchen,79,10,52,42
98.jpg,299,299,living room,25,10,216,58
98.jpg,299,299,dining room,6,36,17,32
98.jpg,299,299,bathroom,25,36,25,16
99.jpg,299,299,bathroom,94,29,29,40
99.jpg,299,299,kitchen,125,29,37,57
99.jpg,299,299,kitchen,147,43,15,23
99.jpg,299,299,bathroom,94,71,29,41
99.jpg,299,299,kitchen,94,88,68,129
99.jpg,299,299,corridor,94,219,68,25
100.jpg,299,299,corridor,12,10,14,105
100.jpg,299,299,balcony,28,10,71,51
100.jpg,299,299,balcony,101,10,17,33
100.jpg,299,299,balcony,120,10,116,106
100.jpg,299,299,balcony,182,10,26,33
100.jpg,299,299,bathroom,210,10,26,33
100.jpg,299,299,balcony,101,45,17,71
100.jpg,299,299,balcony,182,45,54,22
100.jpg,299,299,balcony,28,63,71,62
100.jpg,299,299,balcony,182,63,26,17
101.jpg,299,299,living room,47,30,83,151
101.jpg,299,299,bathroom,132,30,63,64
101.jpg,299,299,balcony,132,96,20,66
101.jpg,299,299,bathroom,154,96,41,66
102.jpg,299,299,corridor,5,39,23,69
102.jpg,299,299,kitchen,30,39,162,69
102.jpg,299,299,bathroom,217,40,34,68
102.jpg,299,299,bathroom,124,75,21,33
102.jpg,299,299,bathroom,147,75,45,33
103.jpg,299,299,living room,57,21,107,202
103.jpg,299,299,living room,109,21,21,26
103.jpg,299,299,living room,132,21,32,10
103.jpg,299,299,living room,132,33,32,45
103.jpg,299,299,bathroom,68,41,15,18
103.jpg,299,299,living room,109,49,21,29
103.jpg,299,299,living room,68,61,15,31
103.jpg,299,299,living room,80,225,84,25
104.jpg,299,299,bathroom,10,26,50,33
104.jpg,299,299,bathroom,62,26,42,95
104.jpg,299,299,bathroom,92,26,12,11
104.jpg,299,299,bathroom,10,61,50,36
104.jpg,299,299,balcony,10,99,50,22
104.jpg,299,299,bathroom,10,123,94,102
104.jpg,299,299,bathroom,36,227,55,23
105.jpg,299,299,dining room,83,29,32,44
105.jpg,299,299,dining room,117,29,21,44
105.jpg,299,299,kitchen,83,29,90,192
105.jpg,299,299,dining room,83,75,32,21
105.jpg,299,299,dining room,83,98,32,21
105.jpg,299,299,dining room,83,121,32,32
105.jpg,299,299,corridor,83,223,90,21
106.jpg,299,299,corridor,2,6,23,95
106.jpg,299,299,corridor,27,6,106,95
106.jpg,299,299,corridor,135,6,99,41
106.jpg,299,299,corridor,135,49,34,19
106.jpg,299,299,bathroom,171,49,63,26
106.jpg,299,299,corridor,135,70,34,31
106.jpg,299,299,corridor,171,70,42,31
106.jpg,299,299,corridor,215,77,19,24
107.jpg,299,299,dining room,16,20,42,67
107.jpg,299,299,bathroom,60,20,39,32
107.jpg,299,299,bathroom,16,41,17,46
107.jpg,299,299,bathroom,60,54,39,33
107.jpg,299,299,kitchen,16,89,83,84
107.jpg,299,299,bedroom,16,164,64,69
107.jpg,299,299,balcony,82,175,17,29
107.jpg,299,299,balcony,82,206,17,27
108.jpg,299,299,kitchen,18,3,15,63
108.jpg,299,299,kitchen,35,3,14,30
108.jpg,299,299,kitchen,51,3,39,30
108.jpg,299,299,kitchen,92,3,14,30
108.jpg,299,299,bedroom,108,3,121,63
108.jpg,299,299,corridor,231,3,20,63
108.jpg,299,299,kitchen,35,35,71,31
109.jpg,299,299,bedroom,37,3,56,70
109.jpg,299,299,bedroom,95,53,60,48
109.jpg,299,299,bedroom,157,74,62,48
109.jpg,299,299,kitchen,37,75,118,47
109.jpg,299,299,bedroom,135,93,20,8
109.jpg,299,299,bedroom,130,124,46,26
109.jpg,299,299,bedroom,178,124,19,26
110.jpg,299,299,corridor,25,9,18,93
110.jpg,299,299,corridor,45,9,68,46
110.jpg,299,299,corridor,115,9,14,29
110.jpg,299,299,living room,115,9,62,93
110.jpg,299,299,corridor,163,9,14,27
110.jpg,299,299,corridor,179,9,49,27
110.jpg,299,299,corridor,230,9,11,27
110.jpg,299,299,dining room,179,38,62,20
110.jpg,299,299,corridor,45,57,68,45
110.jpg,299,299,corridor,179,60,13,42
110.jpg,299,299,corridor,194,60,47,42
110.jpg,299,299,corridor,126,104,93,9
111.jpg,299,299,bedroom,68,14,53,87
111.jpg,299,299,bedroom,123,14,50,70
111.jpg,299,299,bedroom,68,86,37,15
111.jpg,299,299,bedroom,123,86,67,148
111.jpg,299,299,balcony,140,86,33,12
111.jpg,299,299,bedroom,140,100,33,27
111.jpg,299,299,bedroom,68,103,37,43
111.jpg,299,299,bedroom,107,103,14,32
111.jpg,299,299,bedroom,140,129,33,25
111.jpg,299,299,bedroom,68,137,85,97
111.jpg,299,299,corridor,68,228,53,23
112.jpg,299,299,kitchen,21,24,27,17
112.jpg,299,299,kitchen,50,24,23,17
112.jpg,299,299,kitchen,4,43,35,88
112.jpg,299,299,kitchen,41,43,32,17
112.jpg,299,299,living room,41,62,32,29
112.jpg,299,299,kitchen,41,93,32,38
112.jpg,299,299,kitchen,4,96,13,35
112.jpg,299,299,kitchen,4,133,69,94
112.jpg,299,299,kitchen,4,229,69,22
113.jpg,299,299,corridor,97,14,58,13
113.jpg,299,299,bedroom,97,29,58,79
113.jpg,299,299,kitchen,97,110,58,109
113.jpg,299,299,balcony,97,172,21,11
113.jpg,299,299,bathroom,97,185,21,34
114.jpg,299,299,kitchen,83,3,111,249
114.jpg,299,299,kitchen,36,160,45,34
114.jpg,299,299,bedroom,36,196,45,56
115.jpg,299,299,kitchen,21,38,21,33
115.jpg,299,299,kitchen,44,38,78,33
115.jpg,299,299,closet,124,38,102,67
115.jpg,299,299,closet,228,38,22,67
115.jpg,299,299,closet,33,73,43,32
115.jpg,299,299,closet,78,73,21,32
115.jpg,299,299,closet,101,73,21,32
116.jpg,299,299,corridor,10,80,25,85
116.jpg,299,299,corridor,37,80,104,85
116.jpg,299,299,corridor,143,80,18,46
116.jpg,299,299,corridor,163,80,56,46
116.jpg,299,299,corridor,143,128,76,47
117.jpg,299,299,bedroom,38,24,53,76
117.jpg,299,299,bathroom,93,24,21,33
117.jpg,299,299,living room,38,24,147,198
117.jpg,299,299,bathroom,148,24,37,43
117.jpg,299,299,dining room,198,24,43,109
117.jpg,299,299,balcony,93,59,21,41
117.jpg,299,299,balcony,144,135,41,19
117.jpg,299,299,bedroom,101,156,84,66
117.jpg,299,299,corridor,38,224,61,27
118.jpg,299,299,closet,73,26,39,30
118.jpg,299,299,dining room,114,26,17,30
118.jpg,299,299,dining room,133,26,59,151
118.jpg,299,299,dining room,173,26,79,59
118.jpg,299,299,dining room,73,58,58,28
118.jpg,299,299,dining room,194,87,17,18
118.jpg,299,299,dining room,213,87,39,18
118.jpg,299,299,dining room,13,88,32,97
118.jpg,299,299,dining room,73,88,58,47
118.jpg,299,299,dining room,194,107,58,79
118.jpg,299,299,bedroom,73,137,58,58
118.jpg,299,299,dining room,133,179,59,16
119.jpg,299,299,kitchen,90,27,23,111
119.jpg,299,299,balcony,114,27,7,21
119.jpg,299,299,bedroom,114,27,83,66
119.jpg,299,299,bathroom,59,37,29,42
119.jpg,299,299,balcony,114,50,7,21
119.jpg,299,299,bathroom,59,81,29,35
119.jpg,299,299,balcony,114,95,18,11
119.jpg,299,299,dining room,115,95,82,123
119.jpg,299,299,bathroom,59,118,29,20
119.jpg,299,299,balcony,59,140,29,13
119.jpg,299,299,bedroom,59,140,54,78
119.jpg,299,299,corridor,59,220,138,24
120.jpg,299,299,balcony,18,67,30,29
120.jpg,299,299,bathroom,50,67,50,62
120.jpg,299,299,balcony,18,98,30,31
121.jpg,299,299,kitchen,68,80,36,95
121.jpg,299,299,balcony,106,80,31,20
121.jpg,299,299,bathroom,21,143,45,32
122.jpg,299,299,kitchen,118,20,45,82
122.jpg,299,299,bathroom,101,38,26,32
122.jpg,299,299,bathroom,148,40,15,27
122.jpg,299,299,balcony,148,69,15,14
122.jpg,299,299,bathroom,101,72,26,30
122.jpg,299,299,balcony,148,85,15,17
122.jpg,299,299,kitchen,101,104,62,35
122.jpg,299,299,balcony,152,119,11,20
122.jpg,299,299,kitchen,101,141,62,75
122.jpg,299,299,corridor,101,218,62,33
123.jpg,299,299,kitchen,14,28,35,17
123.jpg,299,299,kitchen,51,28,41,70
123.jpg,299,299,balcony,75,28,17,14
123.jpg,299,299,bathroom,14,47,35,51
123.jpg,299,299,bedroom,14,100,78,119
123.jpg,299,299,balcony,78,100,14,17
123.jpg,299,299,corridor,14,221,78,24
124.jpg,299,299,bathroom,74,3,48,41
124.jpg,299,299,balcony,124,3,22,54
124.jpg,299,299,bedroom,148,3,98,78
124.jpg,299,299,bathroom,74,46,72,59
124.jpg,299,299,bathroom,74,72,24,33
124.jpg,299,299,living room,74,83,172,121
124.jpg,299,299,bedroom,74,158,73,74
124.jpg,299,299,balcony,149,158,22,22
124.jpg,299,299,balcony,149,182,22,22
125.jpg,299,299,corridor,6,30,28,11
125.jpg,299,299,corridor,36,30,12,11
125.jpg,299,299,corridor,36,30,37,92
125.jpg,299,299,corridor,6,43,28,39
125.jpg,299,299,corridor,6,84,28,22
125.jpg,299,299,corridor,6,108,28,52
125.jpg,299,299,corridor,6,124,67,114
125.jpg,299,299,corridor,6,198,14,40
126.jpg,299,299,kitchen,30,63,83,40
126.jpg,299,299,closet,89,63,24,17
126.jpg,299,299,closet,115,63,103,81
126.jpg,299,299,closet,220,63,23,81
126.jpg,299,299,closet,30,105,15,39
126.jpg,299,299,closet,47,105,42,39
126.jpg,299,299,closet,91,105,22,39
126.jpg,299,299,closet,115,105,21,39
126.jpg,299,299,corridor,145,146,40,17
127.jpg,299,299,kitchen,68,24,26,82
128.jpg,299,299,corridor,11,19,30,80
128.jpg,299,299,corridor,43,19,142,80
128.jpg,299,299,corridor,121,19,30,39
128.jpg,299,299,balcony,112,83,26,16
129.jpg,299,299,bathroom,4,41,27,51
129.jpg,299,299,balcony,32,41,16,10
129.jpg,299,299,kitchen,33,41,40,90
129.jpg,299,299,bathroom,4,94,27,22
129.jpg,299,299,balcony,4,118,15,13
129.jpg,299,299,balcony,21,118,10,13
129.jpg,299,299,bedroom,4,133,69,98
130.jpg,299,299,kitchen,93,22,72,72
130.jpg,299,299,kitchen,157,22,8,16
130.jpg,299,299,bathroom,93,31,35,26
130.jpg,299,299,bedroom,93,96,54,73
130.jpg,299,299,balcony,149,96,16,35
130.jpg,299,299,balcony,149,133,16,36
130.jpg,299,299,corridor,93,171,72,16
131.jpg,299,299,bedroom,15,80,58,47
131.jpg,299,299,balcony,75,80,15,30
131.jpg,299,299,balcony,92,80,14,30
131.jpg,299,299,bedroom,108,80,47,47
131.jpg,299,299,bedroom,157,80,63,47
131.jpg,299,299,corridor,222,80,17,97
131.jpg,299,299,bathroom,75,112,31,15
131.jpg,299,299,dining room,31,129,58,20
131.jpg,299,299,living room,91,129,129,48
131.jpg,299,299,bathroom,64,146,25,31
131.jpg,299,299,bathroom,15,151,14,26
131.jpg,299,299,bathroom,31,151,31,26
132.jpg,299,299,balcony,117,25,14,11
132.jpg,299,299,bathroom,131,25,47,60
132.jpg,299,299,bathroom,162,25,16,9
132.jpg,299,299,balcony,73,26,16,24
132.jpg,299,299,kitchen,73,26,58,73
132.jpg,299,299,balcony,117,38,14,11
132.jpg,299,299,balcony,113,78,18,21
132.jpg,299,299,bathroom,131,87,47,37
132.jpg,299,299,kitchen,73,101,56,124
132.jpg,299,299,balcony,131,126,47,19
132.jpg,299,299,corridor,73,147,105,104
133.jpg,299,299,bathroom,110,11,38,79
133.jpg,299,299,bathroom,150,57,39,40
133.jpg,299,299,bathroom,70,71,38,19
133.jpg,299,299,kitchen,70,92,78,58
133.jpg,299,299,kitchen,150,99,39,31
133.jpg,299,299,bathroom,70,132,18,18
133.jpg,299,299,bathroom,150,132,39,18
133.jpg,299,299,bathroom,70,152,59,80
133.jpg,299,299,bathroom,131,152,58,80
133.jpg,299,299,bathroom,70,234,46,16
133.jpg,299,299,corridor,118,234,71,16
134.jpg,299,299,bathroom,9,48,11,12
134.jpg,299,299,bathroom,9,48,35,35
134.jpg,299,299,dining room,36,48,27,77
134.jpg,299,299,bedroom,65,48,61,77
134.jpg,299,299,bathroom,9,85,35,21
134.jpg,299,299,bathroom,9,108,35,17
134.jpg,299,299,living room,9,127,54,93
134.jpg,299,299,balcony,65,127,16,18
134.jpg,299,299,balcony,83,127,35,18
134.jpg,299,299,bedroom,65,147,61,73
134.jpg,299,299,corridor,9,222,63,20
135.jpg,299,299,kitchen,10,10,59,80
135.jpg,299,299,kitchen,71,10,19,20
135.jpg,299,299,kitchen,71,32,19,58
135.jpg,299,299,kitchen,92,61,39,29
135.jpg,299,299,kitchen,10,92,121,52
135.jpg,299,299,bathroom,92,125,39,19
135.jpg,299,299,kitchen,10,146,59,80
135.jpg,299,299,kitchen,71,146,19,18
135.jpg,299,299,kitchen,92,146,39,18
135.jpg,299,299,kitchen,71,166,60,60
135.jpg,299,299,kitchen,10,228,121,21
136.jpg,299,299,bathroom,45,6,21,40
136.jpg,299,299,bathroom,68,6,31,40
136.jpg,299,299,bathroom,101,6,34,40
136.jpg,299,299,bedroom,101,6,123,83
136.jpg,299,299,corridor,226,6,25,83
136.jpg,299,299,balcony,23,21,20,25
136.jpg,299,299,kitchen,23,48,20,30
136.jpg,299,299,kitchen,45,48,54,41
136.jpg,299,299,balcony,101,70,40,19
136.jpg,299,299,balcony,143,70,20,19
136.jpg,299,299,balcony,23,80,20,9
137.jpg,299,299,kitchen,29,27,201,90
137.jpg,299,299,bathroom,164,27,66,49
137.jpg,299,299,corridor,12,36,15,72
138.jpg,299,299,bedroom,57,28,64,47
138.jpg,299,299,bedroom,123,28,22,80
138.jpg,299,299,bedroom,147,28,23,14
138.jpg,299,299,bedroom,147,44,23,14
138.jpg,299,299,bedroom,139,60,31,23
138.jpg,299,299,bedroom,57,77,48,14
138.jpg,299,299,bedroom,107,77,14,14
138.jpg,299,299,bedroom,139,85,31,23
138.jpg,299,299,bedroom,57,93,48,63
138.jpg,299,299,bedroom,107,93,14,15
138.jpg,299,299,living room,107,110,63,113
138.jpg,299,299,bedroom,57,158,48,65
138.jpg,299,299,corridor,57,225,113,17
139.jpg,299,299,bathroom,101,15,22,31
139.jpg,299,299,bathroom,125,38,23,60
139.jpg,299,299,bathroom,101,48,22,33
139.jpg,299,299,bathroom,101,83,22,15
139.jpg,299,299,balcony,101,100,28,34
139.jpg,299,299,bathroom,101,100,47,131
139.jpg,299,299,bathroom,150,137,18,94
139.jpg,299,299,corridor,101,233,67,18
140.jpg,299,299,balcony,35,22,16,16
140.jpg,299,299,balcony,18,22,76,34
140.jpg,299,299,balcony,96,22,27,16
140.jpg,299,299,bedroom,96,22,129,64
140.jpg,299,299,balcony,227,22,24,64
140.jpg,299,299,balcony,18,58,15,8
140.jpg,299,299,balcony,35,58,16,28
140.jpg,299,299,bathroom,53,58,22,28
140.jpg,299,299,bathroom,77,58,34,28
141.jpg,299,299,corridor,191,44,30,13
141.jpg,299,299,corridor,92,53,66,27
141.jpg,299,299,corridor,92,59,143,114
141.jpg,299,299,corridor,116,104,53,105
141.jpg,299,299,corridor,171,174,64,25
141.jpg,299,299,bathroom,92,175,47,34
142.jpg,299,299,bathroom,50,17,26,25
142.jpg,299,299,bathroom,44,44,32,38
142.jpg,299,299,kitchen,44,84,32,155
143.jpg,299,299,dining room,86,20,34,36
143.jpg,299,299,dining room,116,20,25,48
143.jpg,299,299,dining room,143,20,22,48
143.jpg,299,299,dining room,86,58,34,40
143.jpg,299,299,bathroom,86,70,84,87
143.jpg,299,299,dining room,86,159,15,23
143.jpg,299,299,dining room,103,159,61,67
143.jpg,299,299,dining room,86,184,15,42
143.jpg,299,299,corridor,86,228,78,23
144.jpg,299,299,balcony,18,56,49,33
144.jpg,299,299,balcony,69,56,49,33
144.jpg,299,299,balcony,120,56,21,33
144.jpg,299,299,balcony,143,56,21,43
144.jpg,299,299,bedroom,166,56,66,67
144.jpg,299,299,balcony,234,56,18,135
144.jpg,299,299,balcony,18,91,55,32
144.jpg,299,299,balcony,75,91,66,100
144.jpg,299,299,balcony,143,101,21,22
144.jpg,299,299,balcony,8,125,65,66
144.jpg,299,299,living room,143,125,89,66
145.jpg,299,299,kitchen,43,26,102,190
145.jpg,299,299,kitchen,147,26,17,15
145.jpg,299,299,kitchen,139,43,15,41
145.jpg,299,299,balcony,139,86,15,18
145.jpg,299,299,kitchen,139,106,15,23
145.jpg,299,299,kitchen,139,131,35,47
146.jpg,299,299,dining room,183,30,28,98
146.jpg,299,299,bedroom,45,31,78,67
146.jpg,299,299,balcony,104,31,27,37
146.jpg,299,299,bathroom,133,31,38,37
146.jpg,299,299,bathroom,125,70,27,37
146.jpg,299,299,dining room,104,70,67,57
146.jpg,299,299,living room,45,100,68,125
146.jpg,299,299,bathroom,104,129,28,18
146.jpg,299,299,balcony,134,129,37,18
146.jpg,299,299,bedroom,115,149,56,76
146.jpg,299,299,corridor,75,227,78,17
147.jpg,299,299,bathroom,3,17,35,10
147.jpg,299,299,bathroom,40,17,31,42
147.jpg,299,299,dining room,73,17,23,60
147.jpg,299,299,balcony,98,17,64,13
147.jpg,299,299,bathroom,3,29,35,48
147.jpg,299,299,bedroom,98,32,64,94
147.jpg,299,299,bathroom,40,61,31,16
147.jpg,299,299,kitchen,3,79,93,151
147.jpg,299,299,bedroom,98,128,64,102
147.jpg,299,299,balcony,82,156,14,37
147.jpg,299,299,balcony,82,195,14,35
147.jpg,299,299,corridor,3,232,159,20
148.jpg,299,299,kitchen,3,53,73,66
148.jpg,299,299,balcony,27,53,15,18
148.jpg,299,299,bathroom,44,53,32,18
148.jpg,299,299,bathroom,40,93,36,26
148.jpg,299,299,bedroom,3,121,73,98
148.jpg,299,299,bedroom,29,121,47,22
148.jpg,299,299,balcony,64,178,12,41
149.jpg,299,299,dining room,30,4,65,76
149.jpg,299,299,dining room,30,82,17,25
149.jpg,299,299,dining room,39,82,27,44
149.jpg,299,299,balcony,68,82,27,25
149.jpg,299,299,bathroom,3,109,34,27
149.jpg,299,299,dining room,68,109,27,17
149.jpg,299,299,dining room,3,128,92,103
149.jpg,299,299,dining room,3,138,34,27
149.jpg,299,299,dining room,3,233,71,17
150.jpg,299,299,corridor,32,47,19,52
150.jpg,299,299,kitchen,32,47,123,105
150.jpg,299,299,bedroom,157,47,68,76
150.jpg,299,299,kitchen,66,103,51,49
150.jpg,299,299,bathroom,119,125,18,27
150.jpg,299,299,bathroom,139,125,26,27
150.jpg,299,299,bathroom,167,125,37,27
150.jpg,299,299,balcony,206,125,19,27
150.jpg,299,299,dining room,102,172,37,38
150.jpg,299,299,dining room,82,173,18,37
151.jpg,299,299,bedroom,51,5,49,68
151.jpg,299,299,bedroom,132,6,45,56
151.jpg,299,299,bedroom,102,30,28,99
151.jpg,299,299,bedroom,132,64,45,65
151.jpg,299,299,balcony,148,64,29,10
151.jpg,299,299,bedroom,51,75,28,16
151.jpg,299,299,bedroom,81,75,30,36
151.jpg,299,299,bedroom,51,93,28,37
151.jpg,299,299,bedroom,81,113,30,17
151.jpg,299,299,bedroom,102,131,75,96
151.jpg,299,299,bedroom,51,132,49,17
151.jpg,299,299,bedroom,51,151,56,76
151.jpg,299,299,bedroom,51,229,126,17
152.jpg,299,299,bathroom,12,20,41,56
152.jpg,299,299,bedroom,12,20,98,201
152.jpg,299,299,bathroom,12,78,41,27
152.jpg,299,299,balcony,83,107,27,42
152.jpg,299,299,corridor,12,223,98,27
153.jpg,299,299,corridor,17,66,16,65
153.jpg,299,299,bedroom,35,66,86,65
153.jpg,299,299,balcony,123,66,15,37
153.jpg,299,299,bathroom,140,66,34,23
153.jpg,299,299,bathroom,176,67,38,22
153.jpg,299,299,living room,216,67,11,64
153.jpg,299,299,kitchen,123,91,91,40
154.jpg,299,299,balcony,79,26,60,61
154.jpg,299,299,balcony,141,34,21,32
154.jpg,299,299,living room,164,34,21,32
154.jpg,299,299,living room,187,34,37,32
154.jpg,299,299,living room,23,39,37,97
154.jpg,299,299,living room,141,68,83,19
154.jpg,299,299,living room,79,89,145,121
154.jpg,299,299,living room,79,139,62,86
154.jpg,299,299,living room,143,161,20,19
154.jpg,299,299,living room,143,182,20,43
154.jpg,299,299,corridor,165,212,59,29
155.jpg,299,299,corridor,27,24,23,75
155.jpg,299,299,dining room,52,24,155,98
155.jpg,299,299,dining room,164,24,43,30
155.jpg,299,299,dining room,164,56,11,21
155.jpg,299,299,dining room,177,56,30,21
155.jpg,299,299,living room,52,101,72,73
155.jpg,299,299,dining room,126,124,23,50
155.jpg,299,299,dining room,151,124,56,20
155.jpg,299,299,dining room,151,146,37,28
155.jpg,299,299,dining room,190,146,17,28
156.jpg,299,299,dining room,77,60,24,50
157.jpg,299,299,bedroom,49,35,49,75
157.jpg,299,299,bathroom,100,46,16,31
157.jpg,299,299,bathroom,118,46,32,31
157.jpg,299,299,kitchen,100,79,50,136
157.jpg,299,299,bathroom,118,79,32,24
157.jpg,299,299,dining room,49,96,49,67
157.jpg,299,299,balcony,66,112,32,17
157.jpg,299,299,balcony,49,148,32,15
157.jpg,299,299,bedroom,49,165,49,76
157.jpg,299,299,corridor,100,217,50,24
158.jpg,299,299,dining room,83,15,38,36
158.jpg,299,299,kitchen,141,16,36,171
158.jpg,299,299,bathroom,93,53,12,24
158.jpg,299,299,bathroom,107,53,14,24
158.jpg,299,299,bathroom,93,79,28,22
158.jpg,299,299,bedroom,65,103,56,77
158.jpg,299,299,bedroom,84,103,37,18
158.jpg,299,299,balcony,112,150,9,30
159.jpg,299,299,bathroom,3,40,33,43
159.jpg,299,299,bathroom,3,85,33,16
159.jpg,299,299,balcony,3,103,33,22
160.jpg,299,299,kitchen,57,31,94,93
160.jpg,299,299,bathroom,139,31,47,34
160.jpg,299,299,bathroom,188,31,10,34
160.jpg,299,299,bathroom,139,67,35,34
160.jpg,299,299,bathroom,176,67,22,34
160.jpg,299,299,balcony,57,102,23,22
160.jpg,299,299,balcony,153,103,45,21
160.jpg,299,299,bedroom,57,126,70,94
160.jpg,299,299,bedroom,129,126,69,94
160.jpg,299,299,corridor,68,222,48,21
160.jpg,299,299,corridor,140,222,47,10
161.jpg,299,299,living room,34,3,52,45
161.jpg,299,299,living room,88,3,23,45
161.jpg,299,299,living room,113,3,119,89
161.jpg,299,299,living room,234,35,17,57
161.jpg,299,299,kitchen,34,50,77,42
161.jpg,299,299,balcony,173,94,59,28
162.jpg,299,299,bedroom,127,49,107,45
162.jpg,299,299,corridor,236,49,15,45
162.jpg,299,299,kitchen,34,68,53,26
162.jpg,299,299,bathroom,89,68,20,26
162.jpg,299,299,balcony,111,68,14,26
163.jpg,299,299,bedroom,77,15,38,63
163.jpg,299,299,dining room,117,15,21,63
163.jpg,299,299,bathroom,140,15,15,24
163.jpg,299,299,bathroom,132,41,23,19
163.jpg,299,299,bathroom,132,62,23,16
163.jpg,299,299,bedroom,77,80,38,42
163.jpg,299,299,kitchen,117,80,38,88
163.jpg,299,299,bedroom,77,124,38,44
163.jpg,299,299,corridor,77,170,78,16
164.jpg,299,299,living room,59,12,63,41
164.jpg,299,299,living room,124,12,79,108
164.jpg,299,299,living room,205,12,23,108
164.jpg,299,299,living room,43,31,31,22
164.jpg,299,299,living room,26,44,15,9
164.jpg,299,299,living room,26,55,96,20
164.jpg,299,299,living room,26,77,34,43
164.jpg,299,299,bathroom,62,77,37,43
164.jpg,299,299,balcony,101,77,21,43
164.jpg,299,299,corridor,26,102,14,18
165.jpg,299,299,kitchen,4,48,72,64
165.jpg,299,299,balcony,28,48,14,17
165.jpg,299,299,bathroom,44,48,32,17
165.jpg,299,299,bathroom,40,86,36,26
165.jpg,299,299,bedroom,4,114,72,97
165.jpg,299,299,bedroom,30,114,46,22
165.jpg,299,299,balcony,64,169,12,42
166.jpg,299,299,bathroom,27,101,38,50
166.jpg,299,299,bathroom,67,101,63,50
166.jpg,299,299,kitchen,118,101,85,150
166.jpg,299,299,balcony,183,101,20,39
166.jpg,299,299,dining room,78,153,38,44
166.jpg,299,299,corridor,205,194,23,57
167.jpg,299,299,kitchen,77,23,45,60
167.jpg,299,299,kitchen,124,23,35,48
167.jpg,299,299,bathroom,161,23,28,13
167.jpg,299,299,bedroom,161,23,73,138
167.jpg,299,299,dining room,161,38,28,33
167.jpg,299,299,bathroom,180,61,32,33
167.jpg,299,299,kitchen,77,73,82,88
167.jpg,299,299,kitchen,161,73,7,21
167.jpg,299,299,balcony,170,73,8,21
168.jpg,299,299,bedroom,24,24,74,54
168.jpg,299,299,balcony,100,24,16,37
168.jpg,299,299,balcony,118,24,19,54
168.jpg,299,299,bedroom,139,24,72,54
168.jpg,299,299,corridor,213,24,36,125
168.jpg,299,299,bathroom,100,63,16,15
168.jpg,299,299,dining room,24,80,74,31
168.jpg,299,299,living room,100,80,111,69
168.jpg,299,299,bathroom,38,103,33,46
168.jpg,299,299,bathroom,73,103,25,46
168.jpg,299,299,kitchen,100,103,36,46
168.jpg,299,299,bathroom,24,113,12,16
168.jpg,299,299,balcony,24,131,12,18
169.jpg,299,299,bedroom,63,14,95,77
169.jpg,299,299,bathroom,160,14,34,39
169.jpg,299,299,bathroom,160,55,34,36
169.jpg,299,299,balcony,63,92,19,35
169.jpg,299,299,kitchen,84,92,87,35
169.jpg,299,299,dining room,63,129,108,92
169.jpg,299,299,dining room,134,162,30,32
169.jpg,299,299,corridor,63,223,69,28
170.jpg,299,299,kitchen,69,14,45,14
170.jpg,299,299,kitchen,69,30,45,67
170.jpg,299,299,bathroom,69,54,14,25
170.jpg,299,299,bathroom,69,81,14,16
170.jpg,299,299,bathroom,69,99,45,90
170.jpg,299,299,bathroom,69,191,45,21
171.jpg,299,299,kitchen,28,38,36,163
171.jpg,299,299,kitchen,45,38,129,163
171.jpg,299,299,kitchen,111,38,30,51
171.jpg,299,299,bathroom,143,38,31,21
171.jpg,299,299,bathroom,143,61,31,28
172.jpg,299,299,bathroom,101,16,13,28
172.jpg,299,299,kitchen,101,16,30,81
172.jpg,299,299,bathroom,133,16,21,13
172.jpg,299,299,bathroom,133,31,21,23
172.jpg,299,299,bathroom,133,56,21,41
172.jpg,299,299,bathroom,101,99,53,72
172.jpg,299,299,corridor,101,173,53,15
173.jpg,299,299,balcony,92,30,33,15
173.jpg,299,299,kitchen,127,30,36,95
173.jpg,299,299,bathroom,92,47,17,31
173.jpg,299,299,bathroom,111,47,19,31
173.jpg,299,299,bathroom,92,80,38,28
173.jpg,299,299,balcony,92,110,38,15
173.jpg,299,299,bedroom,92,127,71,78
173.jpg,299,299,corridor,92,207,71,17
174.jpg,299,299,corridor,11,39,27,13
174.jpg,299,299,corridor,40,39,43,76
174.jpg,299,299,corridor,11,54,27,22
174.jpg,299,299,corridor,11,78,27,37
174.jpg,299,299,balcony,62,101,21,14
174.jpg,299,299,bedroom,11,117,72,91
174.jpg,299,299,corridor,11,210,72,22
175.jpg,299,299,corridor,12,35,37,87
175.jpg,299,299,kitchen,51,35,118,87
175.jpg,299,299,kitchen,171,35,57,70
175.jpg,299,299,kitchen,208,35,20,28
175.jpg,299,299,bathroom,105,90,23,32
175.jpg,299,299,bathroom,130,90,33,32
175.jpg,299,299,bathroom,165,90,46,32
176.jpg,299,299,kitchen,7,35,29,46
176.jpg,299,299,kitchen,38,35,34,87
176.jpg,299,299,kitchen,62,35,10,23
176.jpg,299,299,kitchen,7,83,29,67
176.jpg,299,299,kitchen,7,124,65,88
177.jpg,299,299,corridor,14,47,21,67
177.jpg,299,299,bedroom,37,47,105,67
177.jpg,299,299,balcony,144,47,21,33
177.jpg,299,299,bathroom,167,47,43,33
177.jpg,299,299,balcony,212,47,14,21
177.jpg,299,299,kitchen,144,70,82,44
178.jpg,299,299,kitchen,62,9,60,140
178.jpg,299,299,bathroom,124,9,45,35
178.jpg,299,299,bathroom,124,46,45,36
178.jpg,299,299,dining room,124,84,62,22
178.jpg,299,299,balcony,124,108,21,41
178.jpg,299,299,dining room,147,108,19,41
178.jpg,299,299,bathroom,168,108,26,21
178.jpg,299,299,balcony,168,131,26,18
178.jpg,299,299,bedroom,62,151,60,80
178.jpg,299,299,bedroom,124,151,70,80
178.jpg,299,299,corridor,62,233,132,18
179.jpg,299,299,bathroom,197,13,47,32
179.jpg,299,299,kitchen,44,14,43,66
179.jpg,299,299,kitchen,89,14,44,66
179.jpg,299,299,bathroom,117,14,51,31
179.jpg,299,299,bathroom,11,15,47,30
179.jpg,299,299,kitchen,170,20,42,60
179.jpg,299,299,bathroom,11,47,31,15
179.jpg,299,299,bathroom,135,47,33,13
179.jpg,299,299,bathroom,214,47,30,14
179.jpg,299,299,bathroom,135,62,33,18
179.jpg,299,299,bathroom,214,63,30,17
179.jpg,299,299,bathroom,11,64,31,15
179.jpg,299,299,bathroom,11,81,76,65
179.jpg,299,299,bathroom,89,82,79,64
179.jpg,299,299,bathroom,170,82,74,64
179.jpg,299,299,bathroom,11,148,76,20
179.jpg,299,299,balcony,89,148,79,20
179.jpg,299,299,balcony,170,148,74,20
180.jpg,299,299,bathroom,6,27,25,37
180.jpg,299,299,kitchen,33,27,32,56
180.jpg,299,299,bathroom,67,27,36,56
180.jpg,299,299,kitchen,6,66,97,160
180.jpg,299,299,bathroom,67,85,36,46
180.jpg,299,299,balcony,67,133,36,17
181.jpg,299,299,corridor,19,15,21,163
181.jpg,299,299,bedroom,42,15,58,81
181.jpg,299,299,bathroom,102,15,38,39
181.jpg,299,299,bathroom,123,46,58,29
181.jpg,299,299,bathroom,183,46,38,19
181.jpg,299,299,balcony,102,56,19,40
181.jpg,299,299,dining room,162,67,59,29
181.jpg,299,299,living room,42,77,118,101
181.jpg,299,299,balcony,162,98,19,39
181.jpg,299,299,bedroom,183,98,59,80
181.jpg,299,299,balcony,162,139,19,39
182.jpg,299,299,bathroom,78,53,34,39
183.jpg,299,299,bathroom,86,52,39,30
183.jpg,299,299,balcony,127,52,19,17
183.jpg,299,299,balcony,148,52,62,17
183.jpg,299,299,corridor,212,52,35,116
183.jpg,299,299,kitchen,19,53,19,74
183.jpg,299,299,bathroom,40,53,23,29
183.jpg,299,299,bathroom,65,53,19,29
183.jpg,299,299,bedroom,121,71,89,97
183.jpg,299,299,kitchen,40,84,85,43
184.jpg,299,299,dining room,152,17,15,8
184.jpg,299,299,bathroom,102,27,28,38
184.jpg,299,299,kitchen,132,27,35,89
184.jpg,299,299,balcony,152,27,15,16
184.jpg,299,299,bathroom,152,45,15,30
184.jpg,299,299,bathroom,102,67,28,30
184.jpg,299,299,balcony,102,99,28,17
184.jpg,299,299,bedroom,102,118,65,100
184.jpg,299,299,corridor,102,220,65,27
185.jpg,299,299,bathroom,12,11,38,28
185.jpg,299,299,bathroom,52,11,38,28
185.jpg,299,299,bathroom,92,11,37,18
185.jpg,299,299,dining room,72,31,57,87
185.jpg,299,299,kitchen,12,41,58,77
185.jpg,299,299,bedroom,92,68,37,70
185.jpg,299,299,bedroom,12,120,58,107
185.jpg,299,299,bedroom,72,120,57,107
185.jpg,299,299,corridor,12,229,117,21
186.jpg,299,299,kitchen,3,51,72,64
186.jpg,299,299,balcony,28,51,14,16
186.jpg,299,299,bathroom,44,51,31,16
186.jpg,299,299,bathroom,39,90,36,25
186.jpg,299,299,bedroom,3,117,72,98
186.jpg,299,299,bedroom,31,117,44,22
186.jpg,299,299,balcony,63,174,12,41
187.jpg,299,299,bathroom,41,36,23,32
187.jpg,299,299,bathroom,66,36,24,32
187.jpg,299,299,kitchen,92,36,45,50
187.jpg,299,299,living room,139,36,83,132
187.jpg,299,299,dining room,26,60,111,43
187.jpg,299,299,bathroom,79,70,26,16
187.jpg,299,299,bedroom,26,105,47,63
187.jpg,299,299,balcony,75,105,14,8
187.jpg,299,299,bedroom,91,105,46,63
187.jpg,299,299,balcony,75,115,14,20
187.jpg,299,299,balcony,75,137,14,31
188.jpg,299,299,balcony,3,20,19,44
188.jpg,299,299,bedroom,24,20,70,91
188.jpg,299,299,kitchen,96,20,89,91
188.jpg,299,299,dining room,187,20,44,45
188.jpg,299,299,bathroom,233,20,18,13
188.jpg,299,299,bathroom,233,35,18,30
188.jpg,299,299,balcony,3,66,19,45
188.jpg,299,299,bathroom,187,67,30,44
188.jpg,299,299,bathroom,219,67,32,44
188.jpg,299,299,corridor,32,113,137,12
189.jpg,299,299,kitchen,22,36,72,38
189.jpg,299,299,bedroom,96,36,131,80
189.jpg,299,299,corridor,229,36,23,53
189.jpg,299,299,bathroom,22,76,46,40
189.jpg,299,299,bathroom,70,76,24,40
189.jpg,299,299,balcony,229,91,23,25
190.jpg,299,299,bedroom,109,21,58,91
190.jpg,299,299,bathroom,38,32,30,37
190.jpg,299,299,bathroom,70,32,19,37
190.jpg,299,299,balcony,91,32,16,28
190.jpg,299,299,dining room,189,43,28,91
190.jpg,299,299,bathroom,70,62,37,29
190.jpg,299,299,bathroom,38,71,30,20
190.jpg,299,299,balcony,148,92,19,20
190.jpg,299,299,living room,38,93,69,130
190.jpg,299,299,dining room,109,108,58,24
190.jpg,299,299,balcony,109,134,20,18
190.jpg,299,299,balcony,131,134,36,18
190.jpg,299,299,bedroom,109,154,58,79
190.jpg,299,299,corridor,38,225,69,26
191.jpg,299,299,bathroom,11,29,25,32
191.jpg,299,299,kitchen,38,29,37,87
191.jpg,299,299,balcony,65,29,10,14
191.jpg,299,299,bathroom,11,63,25,33
191.jpg,299,299,balcony,62,93,13,23
191.jpg,299,299,bathroom,11,98,25,18
191.jpg,299,299,bedroom,11,118,64,103
191.jpg,299,299,corridor,11,223,64,19
192.jpg,299,299,corridor,25,92,15,21
192.jpg,299,299,bathroom,42,92,19,30
192.jpg,299,299,kitchen,42,92,65,71
192.jpg,299,299,bathroom,83,92,41,30
192.jpg,299,299,bedroom,109,92,120,71
192.jpg,299,299,corridor,231,92,19,71
192.jpg,299,299,kitchen,25,115,15,48
192.jpg,299,299,balcony,109,147,36,16
193.jpg,299,299,kitchen,8,28,35,199
193.jpg,299,299,dining room,34,28,45,14
193.jpg,299,299,balcony,34,44,9,22
193.jpg,299,299,bathroom,45,44,34,46
193.jpg,299,299,balcony,36,92,18,15
194.jpg,299,299,bathroom,31,17,32,40
194.jpg,299,299,bedroom,65,17,67,60
194.jpg,299,299,bathroom,31,59,32,40
194.jpg,299,299,dining room,65,79,67,20
194.jpg,299,299,corridor,10,101,19,143
194.jpg,299,299,kitchen,31,101,101,81
194.jpg,299,299,bathroom,93,101,39,19
194.jpg,299,299,bedroom,31,184,80,60
194.jpg,299,299,balcony,113,184,19,60
195.jpg,299,299,bedroom,3,10,26,88
195.jpg,299,299,bedroom,31,10,102,88
195.jpg,299,299,bedroom,135,10,25,23
195.jpg,299,299,bathroom,162,10,50,36
195.jpg,299,299,bedroom,135,35,25,11
195.jpg,299,299,bedroom,135,48,90,50
196.jpg,299,299,bathroom,20,44,44,60
196.jpg,299,299,bathroom,66,44,44,29
196.jpg,299,299,living room,66,44,142,163
196.jpg,299,299,balcony,20,106,29,65
196.jpg,299,299,bedroom,51,106,85,101
196.jpg,299,299,balcony,20,173,29,34
196.jpg,299,299,corridor,51,209,157,24
197.jpg,299,299,bedroom,67,6,185,153
197.jpg,299,299,kitchen,3,43,62,53
197.jpg,299,299,bathroom,3,98,62,48
197.jpg,299,299,dining room,67,120,95,62
197.jpg,299,299,dining room,164,161,25,21
197.jpg,299,299,balcony,191,161,61,21
198.jpg,299,299,dining room,20,75,13,15
198.jpg,299,299,bathroom,35,75,21,15
198.jpg,299,299,bathroom,58,75,23,15
198.jpg,299,299,kitchen,20,75,113,84
198.jpg,299,299,balcony,135,75,32,15
198.jpg,299,299,bedroom,135,75,90,84
198.jpg,299,299,corridor,227,75,17,84
198.jpg,299,299,bathroom,20,118,27,41
198.jpg,299,299,bathroom,49,118,32,41
199.jpg,299,299,bedroom,109,21,58,91
199.jpg,299,299,bathroom,38,32,30,37
199.jpg,299,299,bathroom,70,32,19,37
199.jpg,299,299,balcony,91,32,16,28
199.jpg,299,299,dining room,189,43,28,91
199.jpg,299,299,bathroom,70,62,37,29
199.jpg,299,299,bathroom,38,71,30,20
199.jpg,299,299,balcony,148,92,19,20
199.jpg,299,299,living room,38,93,69,130
199.jpg,299,299,dining room,109,108,58,24
199.jpg,299,299,balcony,109,134,20,18
199.jpg,299,299,balcony,131,134,36,18
199.jpg,299,299,bedroom,109,154,58,79
199.jpg,299,299,corridor,38,225,69,26
200.jpg,299,299,bedroom,38,77,109,101
200.jpg,299,299,kitchen,149,77,69,50
200.jpg,299,299,bathroom,149,129,69,49
201.jpg,299,299,dining room,79,41,28,35
201.jpg,299,299,kitchen,107,58,70,162
201.jpg,299,299,bathroom,79,78,28,17
201.jpg,299,299,balcony,160,89,17,14
201.jpg,299,299,bathroom,79,97,28,24
201.jpg,299,299,bathroom,79,123,28,30
201.jpg,299,299,balcony,79,155,26,21
201.jpg,299,299,bedroom,79,178,47,65
201.jpg,299,299,corridor,128,222,49,21
202.jpg,299,299,bathroom,24,14,34,32
202.jpg,299,299,bathroom,60,41,77,56
202.jpg,299,299,bathroom,24,48,39,78
202.jpg,299,299,bathroom,60,53,11,56
202.jpg,299,299,bathroom,88,70,29,12
202.jpg,299,299,bathroom,88,70,58,119
202.jpg,299,299,kitchen,24,99,62,90
202.jpg,299,299,balcony,65,111,6,15
203.jpg,299,299,balcony,36,5,16,19
203.jpg,299,299,kitchen,36,5,78,49
203.jpg,299,299,bathroom,91,5,23,24
203.jpg,299,299,bedroom,116,5,109,79
203.jpg,299,299,corridor,227,5,24,79
203.jpg,299,299,bathroom,36,56,53,28
203.jpg,299,299,bathroom,91,56,23,28
204.jpg,299,299,corridor,15,49,34,127
204.jpg,299,299,bedroom,51,49,84,63
204.jpg,299,299,balcony,137,49,19,20
204.jpg,299,299,bedroom,158,49,84,63
204.jpg,299,299,balcony,137,71,19,41
204.jpg,299,299,bedroom,51,114,62,62
204.jpg,299,299,kitchen,115,114,127,62
204.jpg,299,299,bathroom,136,171,20,38
204.jpg,299,299,bathroom,158,178,42,31
204.jpg,299,299,bathroom,202,178,40,31
205.jpg,299,299,corridor,4,5,23,80
205.jpg,299,299,bedroom,29,5,106,80
205.jpg,299,299,kitchen,137,5,90,45
205.jpg,299,299,balcony,206,5,21,12
205.jpg,299,299,balcony,116,52,19,33
205.jpg,299,299,bathroom,137,52,45,33
205.jpg,299,299,balcony,184,52,20,33
205.jpg,299,299,bathroom,206,52,21,33
206.jpg,299,299,kitchen,63,3,35,37
206.jpg,299,299,bedroom,100,3,97,67
206.jpg,299,299,bathroom,63,42,35,28
206.jpg,299,299,balcony,100,42,11,28
207.jpg,299,299,kitchen,93,13,62,69
207.jpg,299,299,bedroom,93,84,62,100
207.jpg,299,299,balcony,82,186,9,13
207.jpg,299,299,kitchen,93,186,62,13
208.jpg,299,299,bathroom,48,83,54,33
208.jpg,299,299,balcony,104,83,35,51
208.jpg,299,299,bathroom,10,100,36,52
208.jpg,299,299,kitchen,48,118,91,101
208.jpg,299,299,bathroom,10,154,36,65
209.jpg,299,299,bathroom,3,74,24,38
209.jpg,299,299,bathroom,29,74,46,31
209.jpg,299,299,kitchen,3,107,72,23
209.jpg,299,299,bedroom,3,132,72,52
209.jpg,299,299,corridor,21,186,36,10
210.jpg,299,299,corridor,3,3,19,130
210.jpg,299,299,living room,24,3,114,74
210.jpg,299,299,bathroom,140,3,17,52
210.jpg,299,299,bathroom,159,3,29,52
210.jpg,299,299,bathroom,190,3,29,42
210.jpg,299,299,bathroom,221,3,11,42
210.jpg,299,299,balcony,190,47,29,8
210.jpg,299,299,dining room,140,47,92,30
210.jpg,299,299,bedroom,24,79,93,67
210.jpg,299,299,balcony,119,79,19,34
210.jpg,299,299,bedroom,140,79,92,67
210.jpg,299,299,balcony,119,115,19,31
211.jpg,299,299,bathroom,3,35,37,53
211.jpg,299,299,kitchen,42,35,33,78
211.jpg,299,299,kitchen,64,35,11,12
211.jpg,299,299,bathroom,3,90,37,23
211.jpg,299,299,balcony,3,115,37,15
211.jpg,299,299,bedroom,3,115,72,112
212.jpg,299,299,kitchen,26,21,29,13
212.jpg,299,299,bathroom,57,21,18,13
213.jpg,299,299,living room,82,19,93,89
213.jpg,299,299,bedroom,132,90,43,72
213.jpg,299,299,bathroom,82,110,17,29
213.jpg,299,299,bathroom,101,110,12,29
213.jpg,299,299,dining room,82,110,48,67
213.jpg,299,299,bathroom,82,141,31,21
213.jpg,299,299,bedroom,132,164,43,62
213.jpg,299,299,bedroom,82,179,48,47
213.jpg,299,299,corridor,82,228,87,11
214.jpg,299,299,corridor,18,94,21,72
214.jpg,299,299,bedroom,41,94,92,72
214.jpg,299,299,kitchen,135,94,84,38
214.jpg,299,299,kitchen,157,124,28,21
214.jpg,299,299,bathroom,187,124,32,42
214.jpg,299,299,balcony,135,134,20,32
214.jpg,299,299,bathroom,157,147,28,19
215.jpg,299,299,corridor,22,19,19,60
215.jpg,299,299,bedroom,43,19,80,60
215.jpg,299,299,balcony,125,19,19,28
215.jpg,299,299,bedroom,146,19,83,60
215.jpg,299,299,balcony,125,49,19,30
215.jpg,299,299,bathroom,22,81,39,30
215.jpg,299,299,living room,63,81,166,93
215.jpg,299,299,bathroom,22,113,39,29
215.jpg,299,299,bathroom,63,122,10,20
215.jpg,299,299,bathroom,75,122,30,20
215.jpg,299,299,dining room,107,122,29,52
216.jpg,299,299,bathroom,27,3,39,41
216.jpg,299,299,bathroom,68,3,58,58
216.jpg,299,299,bedroom,27,46,99,157
216.jpg,299,299,balcony,59,46,29,15
217.jpg,299,299,dining room,89,23,31,67
217.jpg,299,299,bathroom,122,23,36,32
217.jpg,299,299,balcony,89,52,10,21
217.jpg,299,299,kitchen,89,92,70,107
217.jpg,299,299,balcony,122,92,37,13
217.jpg,299,299,corridor,89,201,70,29
218.jpg,299,299,bathroom,19,17,17,39
218.jpg,299,299,balcony,38,17,19,19
218.jpg,299,299,kitchen,59,17,168,75
218.jpg,299,299,balcony,119,17,19,17
218.jpg,299,299,corridor,229,17,22,75
218.jpg,299,299,dining room,19,38,38,54
218.jpg,299,299,bathroom,59,59,38,33
218.jpg,299,299,bathroom,99,59,39,33
219.jpg,299,299,bedroom,66,12,123,86
219.jpg,299,299,balcony,126,30,8,14
219.jpg,299,299,bedroom,126,30,63,46
219.jpg,299,299,bedroom,127,78,62,44
219.jpg,299,299,dining room,66,100,76,37
219.jpg,299,299,bathroom,99,116,14,21
219.jpg,299,299,balcony,144,124,29,13
219.jpg,299,299,balcony,175,124,14,13
219.jpg,299,299,bathroom,99,139,28,21
219.jpg,299,299,bedroom,129,139,60,45
219.jpg,299,299,bathroom,99,162,28,22
220.jpg,299,299,balcony,20,14,54,26
220.jpg,299,299,balcony,76,14,34,26
220.jpg,299,299,bathroom,112,14,77,26
220.jpg,299,299,bathroom,142,41,47,50
220.jpg,299,299,balcony,20,42,21,15
220.jpg,299,299,kitchen,20,42,120,49
220.jpg,299,299,bedroom,20,93,169,112
220.jpg,299,299,corridor,33,207,138,33
221.jpg,299,299,dining room,87,6,26,53
221.jpg,299,299,kitchen,115,16,95,129
221.jpg,299,299,bathroom,88,61,25,57
221.jpg,299,299,bathroom,60,94,26,51
221.jpg,299,299,balcony,88,120,25,25
221.jpg,299,299,balcony,48,147,23,50
221.jpg,299,299,bedroom,73,147,72,103
221.jpg,299,299,bedroom,147,147,63,103
222.jpg,299,299,bathroom,25,34,14,9
222.jpg,299,299,bathroom,25,34,35,29
222.jpg,299,299,bathroom,62,34,42,29
222.jpg,299,299,bathroom,106,34,18,29
222.jpg,299,299,bathroom,126,34,100,71
222.jpg,299,299,bathroom,228,34,23,71
222.jpg,299,299,living room,25,65,99,40
222.jpg,299,299,bathroom,45,84,29,21
222.jpg,299,299,bathroom,25,95,18,10
223.jpg,299,299,dining room,73,63,86,66
223.jpg,299,299,dining room,73,91,86,133
223.jpg,299,299,balcony,73,155,41,11
223.jpg,299,299,bedroom,73,168,41,56
223.jpg,299,299,corridor,73,226,86,17
224.jpg,299,299,bathroom,26,28,34,41
224.jpg,299,299,kitchen,39,28,21,12
224.jpg,299,299,kitchen,26,28,80,84
224.jpg,299,299,kitchen,26,114,87,17
224.jpg,299,299,bedroom,26,133,87,85
225.jpg,299,299,bathroom,4,30,44,54
225.jpg,299,299,kitchen,50,30,57,110
225.jpg,299,299,bathroom,4,86,44,26
225.jpg,299,299,balcony,4,114,44,26
225.jpg,299,299,bedroom,4,142,103,109
226.jpg,299,299,dining room,36,11,40,28
226.jpg,299,299,balcony,78,11,21,28
226.jpg,299,299,kitchen,36,11,208,99
226.jpg,299,299,kitchen,182,11,46,41
226.jpg,299,299,balcony,36,70,62,17
226.jpg,299,299,bathroom,181,82,52,28
226.jpg,299,299,balcony,36,89,62,21
226.jpg,299,299,bedroom,138,112,95,104
226.jpg,299,299,corridor,138,218,95,26
227.jpg,299,299,bathroom,10,5,49,40
227.jpg,299,299,bathroom,61,5,54,40
227.jpg,299,299,balcony,117,5,22,52
227.jpg,299,299,dining room,50,47,37,144
227.jpg,299,299,bathroom,89,47,26,37
227.jpg,299,299,balcony,38,80,21,44
227.jpg,299,299,living room,89,86,156,105
227.jpg,299,299,corridor,89,193,156,33
228.jpg,299,299,kitchen,3,38,82,86
228.jpg,299,299,balcony,23,38,15,34
228.jpg,299,299,bathroom,40,38,36,34
228.jpg,299,299,bathroom,78,38,34,34
228.jpg,299,299,kitchen,87,38,140,86
228.jpg,299,299,kitchen,17,108,16,16
228.jpg,299,299,balcony,35,108,50,16
229.jpg,299,299,bathroom,13,9,67,48
229.jpg,299,299,kitchen,48,9,167,115
229.jpg,299,299,corridor,217,9,30,115
229.jpg,299,299,balcony,82,34,31,23
230.jpg,299,299,kitchen,7,26,41,46
230.jpg,299,299,kitchen,50,26,41,87
230.jpg,299,299,kitchen,7,74,41,19
230.jpg,299,299,kitchen,7,95,41,18
230.jpg,299,299,kitchen,7,115,84,113
230.jpg,299,299,corridor,7,230,67,21
231.jpg,299,299,bathroom,127,24,19,28
231.jpg,299,299,bathroom,148,24,39,28
231.jpg,299,299,living room,91,38,96,192
231.jpg,299,299,dining room,127,54,19,32
231.jpg,299,299,bathroom,148,54,39,32
231.jpg,299,299,balcony,91,78,13,29
231.jpg,299,299,balcony,67,132,37,18
231.jpg,299,299,bedroom,67,152,59,78
231.jpg,299,299,corridor,128,232,59,19
232.jpg,299,299,bathroom,71,16,40,28
232.jpg,299,299,balcony,113,16,18,43
232.jpg,299,299,bedroom,133,16,91,65
232.jpg,299,299,bathroom,71,46,60,57
232.jpg,299,299,bathroom,71,68,18,35
232.jpg,299,299,living room,71,83,153,120
232.jpg,299,299,dining room,17,106,35,103
232.jpg,299,299,bedroom,71,160,61,65
232.jpg,299,299,balcony,134,160,21,20
232.jpg,299,299,balcony,134,182,21,21
232.jpg,299,299,corridor,134,205,90,20
233.jpg,299,299,bathroom,100,47,60,59
233.jpg,299,299,bathroom,138,47,40,29
233.jpg,299,299,bathroom,162,78,16,28
233.jpg,299,299,bedroom,100,108,78,81
233.jpg,299,299,bathroom,162,108,16,29
233.jpg,299,299,bathroom,100,191,78,18
234.jpg,299,299,kitchen,3,45,72,64
234.jpg,299,299,kitchen,27,45,14,17
234.jpg,299,299,bedroom,43,45,32,17
234.jpg,299,299,bedroom,39,83,36,26
234.jpg,299,299,bedroom,3,111,72,98
234.jpg,299,299,bedroom,30,111,45,23
234.jpg,299,299,bedroom,63,171,12,38
235.jpg,299,299,bathroom,37,3,29,26
235.jpg,299,299,kitchen,3,31,63,130
235.jpg,299,299,bathroom,3,163,36,35
236.jpg,299,299,bathroom,16,30,12,25
236.jpg,299,299,bathroom,30,30,30,25
236.jpg,299,299,bathroom,62,30,25,42
236.jpg,299,299,kitchen,89,30,58,92
236.jpg,299,299,bedroom,149,30,61,45
236.jpg,299,299,corridor,212,30,40,92
236.jpg,299,299,dining room,16,57,71,33
236.jpg,299,299,balcony,39,57,21,15
236.jpg,299,299,bedroom,149,77,61,45
236.jpg,299,299,bedroom,16,92,55,30
236.jpg,299,299,balcony,73,92,14,14
236.jpg,299,299,balcony,133,92,14,30
236.jpg,299,299,balcony,73,108,14,14
237.jpg,299,299,corridor,68,20,8,13
237.jpg,299,299,corridor,6,20,98,189
237.jpg,299,299,corridor,6,89,39,27
237.jpg,299,299,corridor,6,118,39,51
237.jpg,299,299,corridor,6,140,19,29
237.jpg,299,299,balcony,6,211,19,34
237.jpg,299,299,corridor,27,211,77,34
238.jpg,299,299,living room,24,53,118,109
238.jpg,299,299,balcony,144,53,16,76
238.jpg,299,299,kitchen,162,53,23,85
238.jpg,299,299,bedroom,187,53,49,67
238.jpg,299,299,balcony,187,122,15,16
238.jpg,299,299,balcony,204,122,32,16
238.jpg,299,299,bathroom,144,131,16,31
239.jpg,299,299,corridor,4,4,25,82
239.jpg,299,299,corridor,31,4,107,82
239.jpg,299,299,corridor,140,4,92,41
239.jpg,299,299,corridor,187,4,33,20
239.jpg,299,299,corridor,222,4,10,20
239.jpg,299,299,balcony,140,47,24,39
239.jpg,299,299,corridor,166,47,35,39
239.jpg,299,299,bathroom,203,47,29,39
240.jpg,299,299,bedroom,79,40,135,101
240.jpg,299,299,balcony,45,74,32,67
241.jpg,299,299,corridor,13,87,19,85
241.jpg,299,299,corridor,34,87,59,85
241.jpg,299,299,balcony,95,87,18,22
241.jpg,299,299,balcony,115,87,14,22
241.jpg,299,299,corridor,95,87,135,85
241.jpg,299,299,corridor,149,87,21,29
241.jpg,299,299,corridor,172,87,41,29
241.jpg,299,299,corridor,215,87,15,29
242.jpg,299,299,bathroom,84,32,47,38
242.jpg,299,299,bathroom,133,32,66,38
242.jpg,299,299,bathroom,57,72,25,79
242.jpg,299,299,bathroom,84,72,115,79
242.jpg,299,299,balcony,182,72,17,21
243.jpg,299,299,bathroom,182,30,33,39
243.jpg,299,299,bathroom,217,30,27,39
243.jpg,299,299,balcony,131,47,49,22
243.jpg,299,299,living room,131,71,49,139
243.jpg,299,299,living room,172,71,72,83
243.jpg,299,299,dining room,18,72,39,12
243.jpg,299,299,bathroom,59,72,30,12
243.jpg,299,299,bathroom,80,72,31,31
243.jpg,299,299,dining room,18,86,93,123
243.jpg,299,299,kitchen,18,98,24,37
243.jpg,299,299,bathroom,80,105,31,30
243.jpg,299,299,corridor,182,156,62,54
243.jpg,299,299,corridor,18,211,93,15
244.jpg,299,299,bathroom,7,23,34,45
244.jpg,299,299,bathroom,43,23,42,94
244.jpg,299,299,bathroom,7,70,34,47
244.jpg,299,299,balcony,7,119,34,20
244.jpg,299,299,bathroom,7,119,78,111
244.jpg,299,299,bathroom,7,232,78,19
245.jpg,299,299,bedroom,44,12,68,75
245.jpg,299,299,balcony,114,12,21,26
245.jpg,299,299,bedroom,137,12,67,75
245.jpg,299,299,balcony,114,40,21,24
245.jpg,299,299,balcony,114,66,21,21
245.jpg,299,299,kitchen,44,89,68,140
245.jpg,299,299,dining room,114,89,90,33
245.jpg,299,299,bathroom,114,124,32,21
245.jpg,299,299,bathroom,114,147,32,36
245.jpg,299,299,bathroom,114,185,32,44
245.jpg,299,299,corridor,44,231,80,20
246.jpg,299,299,bathroom,49,3,37,24
246.jpg,299,299,bathroom,88,3,42,34
246.jpg,299,299,bathroom,132,3,45,34
246.jpg,299,299,corridor,179,3,41,127
246.jpg,299,299,dining room,49,29,64,50
246.jpg,299,299,living room,115,39,81,106
246.jpg,299,299,balcony,132,39,45,16
246.jpg,299,299,balcony,49,59,39,20
246.jpg,299,299,bedroom,49,81,64,64
247.jpg,299,299,corridor,24,27,89,44
247.jpg,299,299,corridor,115,27,113,90
247.jpg,299,299,corridor,230,27,20,90
247.jpg,299,299,bathroom,24,73,43,21
247.jpg,299,299,corridor,69,73,44,44
248.jpg,299,299,dining room,4,22,24,107
248.jpg,299,299,balcony,30,22,10,21
248.jpg,299,299,bathroom,42,22,22,58
248.jpg,299,299,balcony,66,22,46,22
248.jpg,299,299,bathroom,30,45,21,84
248.jpg,299,299,bathroom,66,46,46,34
248.jpg,299,299,kitchen,53,82,59,47
248.jpg,299,299,bedroom,4,131,108,94
248.jpg,299,299,balcony,30,131,42,21
248.jpg,299,299,corridor,4,227,108,20
249.jpg,299,299,closet,69,14,60,76
249.jpg,299,299,closet,131,14,26,58
249.jpg,299,299,closet,159,14,29,36
249.jpg,299,299,closet,131,52,57,38
249.jpg,299,299,kitchen,69,92,96,124
249.jpg,299,299,bathroom,167,92,21,32
249.jpg,299,299,closet,119,114,46,45
249.jpg,299,299,closet,131,184,29,32
249.jpg,299,299,closet,69,218,60,33
250.jpg,299,299,living room,21,3,126,102
250.jpg,299,299,bedroom,149,3,102,76
250.jpg,299,299,kitchen,21,81,47,76
250.jpg,299,299,bathroom,70,81,50,39
250.jpg,299,299,bedroom,149,81,102,76
250.jpg,299,299,balcony,122,107,25,50
250.jpg,299,299,bathroom,70,122,50,35
251.jpg,299,299,bathroom,52,35,61,66
251.jpg,299,299,bathroom,115,35,17,37
251.jpg,299,299,bathroom,134,35,18,37
251.jpg,299,299,bathroom,52,44,28,37
251.jpg,299,299,bathroom,115,74,37,41
251.jpg,299,299,kitchen,52,103,61,38
251.jpg,299,299,balcony,115,117,37,24
251.jpg,299,299,bathroom,52,143,100,81
251.jpg,299,299,bathroom,52,226,100,24
252.jpg,299,299,bedroom,20,23,67,84
252.jpg,299,299,bedroom,89,23,76,194
252.jpg,299,299,bedroom,143,23,43,84
252.jpg,299,299,bathroom,188,23,48,46
252.jpg,299,299,bathroom,143,49,22,34
252.jpg,299,299,bathroom,188,71,48,36
252.jpg,299,299,bedroom,20,109,21,18
252.jpg,299,299,bedroom,43,109,44,18
252.jpg,299,299,bedroom,167,109,69,13
252.jpg,299,299,bedroom,167,124,69,93
252.jpg,299,299,bedroom,20,129,67,88
253.jpg,299,299,bedroom,85,15,46,61
253.jpg,299,299,dining room,133,15,17,61
253.jpg,299,299,bathroom,152,15,20,19
253.jpg,299,299,bathroom,146,36,26,20
253.jpg,299,299,bathroom,146,58,26,18
253.jpg,299,299,kitchen,90,78,82,41
253.jpg,299,299,balcony,146,108,26,11
253.jpg,299,299,bedroom,85,121,45,54
253.jpg,299,299,bedroom,132,121,40,54
253.jpg,299,299,corridor,91,177,81,11
254.jpg,299,299,kitchen,10,33,103,69
254.jpg,299,299,bathroom,115,33,36,45
254.jpg,299,299,bathroom,115,80,36,22
254.jpg,299,299,kitchen,10,104,93,22
254.jpg,299,299,balcony,105,104,46,22
254.jpg,299,299,bedroom,10,128,69,93
254.jpg,299,299,bedroom,81,128,70,93
254.jpg,299,299,corridor,28,223,102,21
255.jpg,299,299,kitchen,29,5,81,44
255.jpg,299,299,bedroom,112,5,111,76
255.jpg,299,299,corridor,225,5,26,57
255.jpg,299,299,bathroom,29,51,37,30
255.jpg,299,299,bathroom,68,51,20,30
255.jpg,299,299,balcony,90,51,20,30
256.jpg,299,299,balcony,13,19,30,12
256.jpg,299,299,balcony,77,23,55,77
256.jpg,299,299,balcony,13,33,36,23
256.jpg,299,299,balcony,51,33,24,73
256.jpg,299,299,bathroom,13,58,45,31
256.jpg,299,299,balcony,13,91,62,56
256.jpg,299,299,balcony,30,91,28,15
256.jpg,299,299,balcony,77,102,55,26
256.jpg,299,299,balcony,77,118,13,29
256.jpg,299,299,balcony,92,130,40,17
256.jpg,299,299,living room,13,149,69,72
256.jpg,299,299,bedroom,84,149,48,72
257.jpg,299,299,kitchen,3,49,16,17
257.jpg,299,299,bathroom,3,49,41,67
257.jpg,299,299,bathroom,46,49,29,48
257.jpg,299,299,corridor,127,49,60,42
257.jpg,299,299,balcony,46,99,29,17
257.jpg,299,299,bedroom,3,118,72,98
258.jpg,299,299,closet,75,36,30,65
258.jpg,299,299,closet,107,36,63,65
258.jpg,299,299,closet,59,84,14,17
258.jpg,299,299,closet,59,103,101,122
258.jpg,299,299,closet,122,103,38,16
258.jpg,299,299,closet,162,103,29,34
258.jpg,299,299,closet,126,139,34,19
258.jpg,299,299,bathroom,162,139,29,37
258.jpg,299,299,closet,126,160,34,16
258.jpg,299,299,closet,126,178,65,65
258.jpg,299,299,closet,59,227,65,23
259.jpg,299,299,balcony,98,28,12,20
259.jpg,299,299,balcony,98,28,49,92
259.jpg,299,299,balcony,149,28,39,72
259.jpg,299,299,balcony,149,102,39,18
259.jpg,299,299,balcony,98,122,17,30
259.jpg,299,299,bedroom,98,122,90,101
259.jpg,299,299,corridor,98,225,90,26
260.jpg,299,299,bathroom,118,159,49,25
260.jpg,299,299,bathroom,118,186,49,36
261.jpg,299,299,bathroom,38,13,41,30
261.jpg,299,299,kitchen,81,13,46,30
261.jpg,299,299,bedroom,174,14,72,101
261.jpg,299,299,bathroom,129,26,43,17
261.jpg,299,299,balcony,7,27,29,16
261.jpg,299,299,bedroom,7,45,72,89
261.jpg,299,299,kitchen,81,45,91,111
261.jpg,299,299,balcony,153,70,19,21
261.jpg,299,299,balcony,153,93,19,22
261.jpg,299,299,corridor,7,136,72,20
262.jpg,299,299,bedroom,22,5,100,81
262.jpg,299,299,bathroom,3,88,17,38
262.jpg,299,299,bedroom,3,88,119,142
262.jpg,299,299,bedroom,3,232,119,19
263.jpg,299,299,kitchen,3,36,31,65
263.jpg,299,299,kitchen,36,36,82,65
263.jpg,299,299,bedroom,3,103,98,132
263.jpg,299,299,kitchen,103,103,32,65
263.jpg,299,299,kitchen,34,237,67,14
264.jpg,299,299,closet,31,71,19,62
264.jpg,299,299,closet,52,71,89,62
264.jpg,299,299,balcony,133,71,19,28
264.jpg,299,299,closet,154,71,35,28
264.jpg,299,299,closet,191,71,20,28
264.jpg,299,299,closet,213,71,13,13
264.jpg,299,299,closet,213,86,13,13
264.jpg,299,299,kitchen,143,101,83,32
265.jpg,299,299,bedroom,57,12,64,47
265.jpg,299,299,balcony,123,12,14,32
265.jpg,299,299,bathroom,139,12,22,32
265.jpg,299,299,bathroom,123,46,14,30
265.jpg,299,299,bathroom,139,46,22,30
265.jpg,299,299,living room,57,61,64,96
265.jpg,299,299,dining room,106,61,80,31
265.jpg,299,299,bedroom,123,94,47,63
265.jpg,299,299,balcony,172,94,14,30
265.jpg,299,299,balcony,172,126,14,31
265.jpg,299,299,corridor,69,159,86,16
266.jpg,299,299,dining room,48,39,178,170
266.jpg,299,299,bathroom,107,39,46,63
266.jpg,299,299,bathroom,155,39,31,49
267.jpg,299,299,bathroom,3,36,37,49
267.jpg,299,299,kitchen,3,36,73,191
267.jpg,299,299,bathroom,3,109,34,19
267.jpg,299,299,balcony,39,109,14,19
267.jpg,299,299,corridor,3,229,21,13
268.jpg,299,299,balcony,2,3,15,30
268.jpg,299,299,bathroom,19,3,39,30
268.jpg,299,299,bathroom,60,3,34,22
268.jpg,299,299,bathroom,96,3,22,22
268.jpg,299,299,kitchen,44,3,169,95
268.jpg,299,299,corridor,215,3,37,95
268.jpg,299,299,kitchen,84,43,16,33
268.jpg,299,299,bathroom,44,60,38,16
269.jpg,299,299,dining room,32,21,24,17
269.jpg,299,299,dining room,58,21,29,74
269.jpg,299,299,bedroom,89,21,54,55
269.jpg,299,299,bathroom,32,40,24,35
269.jpg,299,299,bathroom,32,77,30,37
269.jpg,299,299,balcony,89,78,17,17
269.jpg,299,299,balcony,108,78,16,17
269.jpg,299,299,balcony,126,78,17,17
269.jpg,299,299,living room,64,97,79,131
269.jpg,299,299,bathroom,32,116,30,17
269.jpg,299,299,balcony,32,135,36,17
269.jpg,299,299,bedroom,32,154,55,74
269.jpg,299,299,corridor,32,230,111,21
270.jpg,299,299,bathroom,43,5,46,48
270.jpg,299,299,balcony,91,5,22,48
270.jpg,299,299,bedroom,115,5,97,73
270.jpg,299,299,bathroom,43,55,46,48
270.jpg,299,299,kitchen,84,55,29,73
270.jpg,299,299,dining room,115,80,97,171
270.jpg,299,299,bathroom,43,105,39,23
270.jpg,299,299,balcony,91,130,22,22
271.jpg,299,299,closet,12,24,37,50
271.jpg,299,299,closet,51,24,50,75
271.jpg,299,299,closet,77,75,24,24
271.jpg,299,299,closet,12,76,37,23
271.jpg,299,299,closet,12,101,89,115
271.jpg,299,299,corridor,12,218,89,25
